
DROP TABLE IF EXISTS `Böcker`;

CREATE TABLE `Böcker` (
  `BokID` INT PRIMARY KEY, 
  `TitelID` INT DEFAULT 0, 
  `FörfattareID` INT DEFAULT 0, 
  `SVFörlag` INT DEFAULT 0, 
  `SV1upplaga` INT DEFAULT 0, 
  `ÖversättareID` INT DEFAULT 0, 
  `RevÖversättareID` INT DEFAULT 0, 
  `IllustratörID` INT DEFAULT 0, 
  `DennaUpplaga` VARCHAR(50), 
  `AntalUpplagor` VARCHAR(50), 
  `RyggNr` VARCHAR(50), 
  `Konvelut` TINYINT(1) DEFAULT 0, 
  `Handling` CLOB
);

SET autocommit=1;

INSERT INTO `Böcker` (`BokID`, `TitelID`, `FörfattareID`, `SVFörlag`, `SV1upplaga`, `ÖversättareID`, `RevÖversättareID`, `IllustratörID`, `DennaUpplaga`, `AntalUpplagor`, `RyggNr`, `Konvelut`, `Handling`) VALUES (1, 2, 1, 1, 1953, 8, 54, 18, '1', '1', '108', 0, 'Aldrig förr har major James Bigglesworth - bättre känd som Biggles - gjort sitt land så ovärderliga tjänster som när han fullgjorde det hemliga uppdrag under vilket han tillfälligt tilldelades eskaderchefs rang.\r\n\r\nEngelska fartyg har försvunnit i Indiska Oceanen under mystiska omständigheter. De har gått under med man och allt, men samtliga har hunnit sända en SOS - signal, vars formulering väcker Biggles’ misstankar. En närmare undersökning visar att Biggles har rätt - fartygen med krigsmaterial för Fjärran Östern har systematiskt blivit sänkta. Varför och av vem?\r\n\r\nFör att besvara dessa frågor och en gång för alla sätta stop för en tydligen fullkomligt hänsynslös motståndares framfart får Biggles oinskränkta fullmakter, och tillsammans med vännerna Ginger och Algy kastar han sig ut i ett av sitt livs mest vågsamma äventyr. Det gäller liv eller död inte bara för dem själva - hela nationens, kanske världens, väl och ve hänger på hur han löser sin ömtåliga och farofyllda uppgift.');
INSERT INTO `Böcker` (`BokID`, `TitelID`, `FörfattareID`, `SVFörlag`, `SV1upplaga`, `ÖversättareID`, `RevÖversättareID`, `IllustratörID`, `DennaUpplaga`, `AntalUpplagor`, `RyggNr`, `Konvelut`, `Handling`) VALUES (2, 2, 1, 5, 1971, 2, 54, 2, '1', '2, 1973', '1615/1616', 0, 'Flera engelska fartyg har på ett mystiskt sätt försvunnit i Indiska oceanen. Allesammans tycks ha gått under med hela sin besättning. Men innan dess hann de sända en underlig SOS-signal. Biggles blir misstänksam och börjar forska fallet. Han finner att samtliga fartyg varit lastade med krigsmateriel och att de inte gått under genom någon olyckshändelse. De har blivit sänkta!');
INSERT INTO `Böcker` (`BokID`, `TitelID`, `FörfattareID`, `SVFörlag`, `SV1upplaga`, `ÖversättareID`, `RevÖversättareID`, `IllustratörID`, `DennaUpplaga`, `AntalUpplagor`, `RyggNr`, `Konvelut`, `Handling`) VALUES (3, 117, 1, 5, 1954, 9, 54, 3, '1', '4, 1980', '731/732', 0, 'x');
INSERT INTO `Böcker` (`BokID`, `TitelID`, `FörfattareID`, `SVFörlag`, `SV1upplaga`, `ÖversättareID`, `RevÖversättareID`, `IllustratörID`, `DennaUpplaga`, `AntalUpplagor`, `RyggNr`, `Konvelut`, `Handling`) VALUES (4, 117, 1, 5, 1954, 1, 54, 1, '4, 1980', '4, 1980', '731/732', 0, 'x');
INSERT INTO `Böcker` (`BokID`, `TitelID`, `FörfattareID`, `SVFörlag`, `SV1upplaga`, `ÖversättareID`, `RevÖversättareID`, `IllustratörID`, `DennaUpplaga`, `AntalUpplagor`, `RyggNr`, `Konvelut`, `Handling`) VALUES (5, 3, 1, 5, 1967, 11, 54, 3, '1', '5, 1980', '1388/1389', 0, 'x');
INSERT INTO `Böcker` (`BokID`, `TitelID`, `FörfattareID`, `SVFörlag`, `SV1upplaga`, `ÖversättareID`, `RevÖversättareID`, `IllustratörID`, `DennaUpplaga`, `AntalUpplagor`, `RyggNr`, `Konvelut`, `Handling`) VALUES (6, 4, 1, 5, 1962, 10, 54, 3, '1', '3, 1977', '1131/1132', 0, 'x');
INSERT INTO `Böcker` (`BokID`, `TitelID`, `FörfattareID`, `SVFörlag`, `SV1upplaga`, `ÖversättareID`, `RevÖversättareID`, `IllustratörID`, `DennaUpplaga`, `AntalUpplagor`, `RyggNr`, `Konvelut`, `Handling`) VALUES (7, 5, 1, 1, 1945, 12, 54, 4, '1', '24e tus, 1949', '76/77', 0, 'Ett brev från en gammal vän från förra världskriget är här orsaken till att Biggles på nytt ger sig ut på farliga äventyr.\r\nVännen skriver och berättar om sin fraktflyglinje i norra Kanada och om en samvetslös individ som kommit dit med sitt band och som med alla tillåtna och otillåtna medel försöker konkurrera ut honom. Brevet från vännen är en bön om hjälp, hans liv är i fara. Flera gånger har det hänt \"olyckor\" med hans maskiner och han fruktar att bovarna inte kommer att sluta förrän de tagit livet av honom.\r\n\r\nBiggles och hans kamrater Ginger och Algy låter inte vänta på sig, men deras ankomst till vännens flygfält är allt annat än lovande. Vännen är försvunnen och bovarna har installerat sig, som om allt tillhörde dem.\r\nHär börjar den egentliga historien om hur Biggles tar saken i egna händer och den fyller varje sida med kusliga äventyr och spännande flygningar. Biggles, Ginger och Algy är i hög form och de låter inte de förslagna bovarna få så många lugna stunder.');
INSERT INTO `Böcker` (`BokID`, `TitelID`, `FörfattareID`, `SVFörlag`, `SV1upplaga`, `ÖversättareID`, `RevÖversättareID`, `IllustratörID`, `DennaUpplaga`, `AntalUpplagor`, `RyggNr`, `Konvelut`, `Handling`) VALUES (8, 5, 1, 9, 1952, 12, 54, 12, '1', '1', 'x', 0, 'x');
INSERT INTO `Böcker` (`BokID`, `TitelID`, `FörfattareID`, `SVFörlag`, `SV1upplaga`, `ÖversättareID`, `RevÖversättareID`, `IllustratörID`, `DennaUpplaga`, `AntalUpplagor`, `RyggNr`, `Konvelut`, `Handling`) VALUES (9, 5, 1, 2, 1972, 12, 54, 6, '1', '1', 'x', 0, 'Handlingen tilldrar sig i nordligaste Kanada, där en av Biggles'' vänner från kriget öppnat en flyglinje. Det händer flera olyckor och man misstänker sabotage. Misstankarna bessanas - man har att göra med en motståndare som inte skyr några medel.\r\n\r\nMedverkande:\r\nMajor James Bigglesworth, flygare mer känd som Biggles.\r\nAlgy Lacey, Biggles vän och vapenbroder sedan många år.\r\nGinger Hebblethwaite, yngst i gänget, en gång Biggles'' bästa elev.\r\nKapten Wilkinson, kallad Wilks, chef för Arctic Airways.\r\nJake McBain, konkurrent till Wilks. Drar sig inte för att bruka våld.\r\n\r\nDessutom medverkar konstapel Delaney vid Kanadas ridande polis, McBains piloter, guldgrävaren Angus Stirling och många andra.');
INSERT INTO `Böcker` (`BokID`, `TitelID`, `FörfattareID`, `SVFörlag`, `SV1upplaga`, `ÖversättareID`, `RevÖversättareID`, `IllustratörID`, `DennaUpplaga`, `AntalUpplagor`, `RyggNr`, `Konvelut`, `Handling`) VALUES (10, 119, 1, 4, 1954, 40, 54, 19, '1', '1', 'x', 0, 'x');
INSERT INTO `Böcker` (`BokID`, `TitelID`, `FörfattareID`, `SVFörlag`, `SV1upplaga`, `ÖversättareID`, `RevÖversättareID`, `IllustratörID`, `DennaUpplaga`, `AntalUpplagor`, `RyggNr`, `Konvelut`, `Handling`) VALUES (11, 6, 1, 1, 1945, 13, 54, 4, '1', '2, 1945', '54/55', 0, 'Biggles och hans två kamrater Ginger och Algy sitter och har det långtråkigt. Ingenting spännande har de att göra, bara enformiga provflygningar av nya maskiner.\r\n\r\nDå får de besök av en millionär, en stackars far, vars ende son försvunnit under en flygtur från England till Kapstaden. Han vet nästan exakt var sonen försvunnit, men alla efterforskningar har hittills varit förgäves och hans enda hopp står nu till Biggles och dennes kamrater, som han hört så mycket talas om. Vill de åtaga sig uppdraget trots att det kan misstänkas att det ligger mer än ren olycka bakom? Biggles och hans kamrater är genast färdiga och gör med iver sina förberedelser.\r\n\r\nDe får dock många tillfällen att ångra sin obetänksamma iver, ty det är en farlig historia de dimper ner i.');
INSERT INTO `Böcker` (`BokID`, `TitelID`, `FörfattareID`, `SVFörlag`, `SV1upplaga`, `ÖversättareID`, `RevÖversättareID`, `IllustratörID`, `DennaUpplaga`, `AntalUpplagor`, `RyggNr`, `Konvelut`, `Handling`) VALUES (12, 6, 1, 9, 1956, 13, 54, 13, '1', '1', 'x', 0, 'x');
INSERT INTO `Böcker` (`BokID`, `TitelID`, `FörfattareID`, `SVFörlag`, `SV1upplaga`, `ÖversättareID`, `RevÖversättareID`, `IllustratörID`, `DennaUpplaga`, `AntalUpplagor`, `RyggNr`, `Konvelut`, `Handling`) VALUES (13, 6, 1, 5, 1971, 14, 54, 2, '1', '3, 1981', '1619/1620', 0, 'En ung pilot har spårlöst försvunnit i det inre av Afrika och Biggles får i uppdrag att leta efter honom.\r\nTillsammans med sina kamrater, Ginger och Algy, beger han sig in i djungeln. Där utsätts de för många faror och tvingas slåss mot pytonormar och leoparder. Men deras farligaste motståndare är människor.');
INSERT INTO `Böcker` (`BokID`, `TitelID`, `FörfattareID`, `SVFörlag`, `SV1upplaga`, `ÖversättareID`, `RevÖversättareID`, `IllustratörID`, `DennaUpplaga`, `AntalUpplagor`, `RyggNr`, `Konvelut`, `Handling`) VALUES (14, 7, 1, 5, 1948, 15, 54, 3, '1', '8, 1979', '519', 0, 'x');
INSERT INTO `Böcker` (`BokID`, `TitelID`, `FörfattareID`, `SVFörlag`, `SV1upplaga`, `ÖversättareID`, `RevÖversättareID`, `IllustratörID`, `DennaUpplaga`, `AntalUpplagor`, `RyggNr`, `Konvelut`, `Handling`) VALUES (15, 7, 1, 5, 1948, 16, 54, 2, '6, 1972', '8, 1979', '519', 0, 'x');
INSERT INTO `Böcker` (`BokID`, `TitelID`, `FörfattareID`, `SVFörlag`, `SV1upplaga`, `ÖversättareID`, `RevÖversättareID`, `IllustratörID`, `DennaUpplaga`, `AntalUpplagor`, `RyggNr`, `Konvelut`, `Handling`) VALUES (16, 8, 1, 1, 1947, 12, 54, 4, '1', '25e tus, 1952', '80', 0, 'En dyster kväll i Londons slumkvarter blir en fattig tidningspojke, Dick Denver, överfallen av en man som vill ta ifrån honom ett brev, som han nyss fått från sin far och inte hunnit öppna. Dick rusar ut på gatan för att skaffa hjälp och råkar rakt i armarna på tre figurer som plötsligt dyker upp ur dimman: Biggles, Ginger och Algy. Den alltid hjälpsamme Biggles och hans kamrater ställer sina tjänster till förfogande åt Dick. Brevet kommer till rätta och dess märkliga innehåll sätter fart på Biggles och hans kumpaner.\r\n\r\nEn flygexpedition utrustas. Målet är en ö utan namn i Karibiska sjön. Dick får naturligtvis följa med. Det blir hans livs stora äventyr. Men Biggles och hans män anar knappast vilka ränker som smides mot deras företag. Inte heller har de klart för sig att de i bagaget medför en tingest som bringar dem idel olycka.');
INSERT INTO `Böcker` (`BokID`, `TitelID`, `FörfattareID`, `SVFörlag`, `SV1upplaga`, `ÖversättareID`, `RevÖversättareID`, `IllustratörID`, `DennaUpplaga`, `AntalUpplagor`, `RyggNr`, `Konvelut`, `Handling`) VALUES (17, 8, 1, 9, 1953, 12, 54, 13, '1', '1', 'x', 0, 'x');
INSERT INTO `Böcker` (`BokID`, `TitelID`, `FörfattareID`, `SVFörlag`, `SV1upplaga`, `ÖversättareID`, `RevÖversättareID`, `IllustratörID`, `DennaUpplaga`, `AntalUpplagor`, `RyggNr`, `Konvelut`, `Handling`) VALUES (18, 8, 1, 5, 1974, 17, 54, 2, '1', '4, 1980', '1791/1792', 0, 'Ett gammalt spanskt guldmynt och ett mystiskt brev med en skattkarta får Biggles och hans vänner att flyga till Karibiska havet. Biggles är övertygad om att det finns en skatt nergrävd på en av öarna.\r\nMen de är inte ensamma om att vara på jakt efter skatten…');
INSERT INTO `Böcker` (`BokID`, `TitelID`, `FörfattareID`, `SVFörlag`, `SV1upplaga`, `ÖversättareID`, `RevÖversättareID`, `IllustratörID`, `DennaUpplaga`, `AntalUpplagor`, `RyggNr`, `Konvelut`, `Handling`) VALUES (19, 9, 1, 1, 1940, 18, 54, 4, '1', '23e tus, 1950', '4/5', 0, 'x');
INSERT INTO `Böcker` (`BokID`, `TitelID`, `FörfattareID`, `SVFörlag`, `SV1upplaga`, `ÖversättareID`, `RevÖversättareID`, `IllustratörID`, `DennaUpplaga`, `AntalUpplagor`, `RyggNr`, `Konvelut`, `Handling`) VALUES (20, 9, 1, 2, 1971, 19, 54, 6, '1', '1', 'x', 0, 'Handlingen tilldrar sig under första världskriget i Palestinas öken, där tyskar och engelsmän bedriver en intensiv spioneriverskamhet.\r\n\r\nMedverkande:\r\nMajor James Bigglesworth, flygare, mer känd som Biggles.\r\nAlgy Lacey, Biggles vän och vapenbroder sedan många år.\r\nErich von Stahlhein, kapten i det tyska flygvapnet.\r\nEl Sherif, mystisk arab, som uppträder på de mest oväntade tider och platser.\r\n\r\nDessutom medverkar major Raymond, Biggles chef, major Sterne, som egentligen heter något helt annat, araber, personal vid det engelska och det tyska flygvapnet och en hel del andra.');
INSERT INTO `Böcker` (`BokID`, `TitelID`, `FörfattareID`, `SVFörlag`, `SV1upplaga`, `ÖversättareID`, `RevÖversättareID`, `IllustratörID`, `DennaUpplaga`, `AntalUpplagor`, `RyggNr`, `Konvelut`, `Handling`) VALUES (21, 9, 1, 3, 1981, 19, 54, 9, '1', '1', 'x', 0, 'x');
INSERT INTO `Böcker` (`BokID`, `TitelID`, `FörfattareID`, `SVFörlag`, `SV1upplaga`, `ÖversättareID`, `RevÖversättareID`, `IllustratörID`, `DennaUpplaga`, `AntalUpplagor`, `RyggNr`, `Konvelut`, `Handling`) VALUES (22, 10, 1, 5, 1953, 20, 54, 3, '1', '3, 1984', '693/694', 0, 'x');
INSERT INTO `Böcker` (`BokID`, `TitelID`, `FörfattareID`, `SVFörlag`, `SV1upplaga`, `ÖversättareID`, `RevÖversättareID`, `IllustratörID`, `DennaUpplaga`, `AntalUpplagor`, `RyggNr`, `Konvelut`, `Handling`) VALUES (23, 120, 1, 5, 1964, 21, 54, 3, '1', '5, 1981', '1235/1236', 0, 'x');
INSERT INTO `Böcker` (`BokID`, `TitelID`, `FörfattareID`, `SVFörlag`, `SV1upplaga`, `ÖversättareID`, `RevÖversättareID`, `IllustratörID`, `DennaUpplaga`, `AntalUpplagor`, `RyggNr`, `Konvelut`, `Handling`) VALUES (24, 11, 1, 5, 1958, 4, 54, 3, '1', '4, 1980', '938/939', 0, 'x');
INSERT INTO `Böcker` (`BokID`, `TitelID`, `FörfattareID`, `SVFörlag`, `SV1upplaga`, `ÖversättareID`, `RevÖversättareID`, `IllustratörID`, `DennaUpplaga`, `AntalUpplagor`, `RyggNr`, `Konvelut`, `Handling`) VALUES (25, 11, 1, 5, 1958, 22, 54, 1, '4, 1980', '4, 1980', '938/939', 0, 'x');
INSERT INTO `Böcker` (`BokID`, `TitelID`, `FörfattareID`, `SVFörlag`, `SV1upplaga`, `ÖversättareID`, `RevÖversättareID`, `IllustratörID`, `DennaUpplaga`, `AntalUpplagor`, `RyggNr`, `Konvelut`, `Handling`) VALUES (26, 121, 1, 6, 1975, 17, 54, 1, '1', '1', '188', 0, 'Var inte en idiot, Biggles, varnade kamraterna. Tyskarna tänker locka dig i en fälla! Men Biggles lät sig inte övertalas. Han hade fått en personlig \"inbjudan\" av tyskarna. Och han tänkte till varje pris anta utmaningen. Även om han måste ge sig av ensam mot den tyska flygbasen - och även om det skulle kosta honom livet!');
INSERT INTO `Böcker` (`BokID`, `TitelID`, `FörfattareID`, `SVFörlag`, `SV1upplaga`, `ÖversättareID`, `RevÖversättareID`, `IllustratörID`, `DennaUpplaga`, `AntalUpplagor`, `RyggNr`, `Konvelut`, `Handling`) VALUES (27, 12, 1, 5, 1954, 9, 54, 3, '1', '5, 1980', '762/763', 0, 'x');
INSERT INTO `Böcker` (`BokID`, `TitelID`, `FörfattareID`, `SVFörlag`, `SV1upplaga`, `ÖversättareID`, `RevÖversättareID`, `IllustratörID`, `DennaUpplaga`, `AntalUpplagor`, `RyggNr`, `Konvelut`, `Handling`) VALUES (28, 12, 1, 5, 1954, 22, 54, 1, '5, 1980', '5, 1980', '762/763', 0, 'Biggles hade just startat och befann sig på cirka trehundra meters höjd när plötsligt ett fientligt plan dök upp.\r\nHan gjorde en gir och försökte undkomma, men det lyckades inte. Piloten hade redan upptäckt honom.\r\n- Bandit i sikte, sa Biggles till Bertie och fortsatte rakt fram.\r\nVad skulle nu hända?');
INSERT INTO `Böcker` (`BokID`, `TitelID`, `FörfattareID`, `SVFörlag`, `SV1upplaga`, `ÖversättareID`, `RevÖversättareID`, `IllustratörID`, `DennaUpplaga`, `AntalUpplagor`, `RyggNr`, `Konvelut`, `Handling`) VALUES (29, 13, 1, 5, 1965, 23, 54, 3, '1', '5, 1975', '1286/1287', 0, 'x');
INSERT INTO `Böcker` (`BokID`, `TitelID`, `FörfattareID`, `SVFörlag`, `SV1upplaga`, `ÖversättareID`, `RevÖversättareID`, `IllustratörID`, `DennaUpplaga`, `AntalUpplagor`, `RyggNr`, `Konvelut`, `Handling`) VALUES (30, 14, 1, 5, 1981, 1, 54, 1, '1', '1', '2214/2215', 0, 'När Biggles nådde fram till skogsbrynet tvärstannade han och sträckte ut handen för att hejda Bertie.\r\n- Vad är det? frågade Bertie.\r\n- Titta själv!\r\nFlygplanet låg kvar där de lämnat det. Men bredvid det,  med huvudet framsträckt för att nosa på det, stod en väldig noshörning.\r\nDe hade inte en chans att ta sig fram till planet och räddningen.');
INSERT INTO `Böcker` (`BokID`, `TitelID`, `FörfattareID`, `SVFörlag`, `SV1upplaga`, `ÖversättareID`, `RevÖversättareID`, `IllustratörID`, `DennaUpplaga`, `AntalUpplagor`, `RyggNr`, `Konvelut`, `Handling`) VALUES (31, 15, 1, 5, 1950, 15, 54, 3, '1', '7, 1987', '587/588', 0, 'x');
INSERT INTO `Böcker` (`BokID`, `TitelID`, `FörfattareID`, `SVFörlag`, `SV1upplaga`, `ÖversättareID`, `RevÖversättareID`, `IllustratörID`, `DennaUpplaga`, `AntalUpplagor`, `RyggNr`, `Konvelut`, `Handling`) VALUES (32, 15, 1, 5, 1950, 24, 54, 3, '5, 1969', '7, 1987', '587/588', 0, 'En man ber Biggles att följa med till Sydpolen för att bärga en skatt som han vet finns i ett fastfruset fartyg där nere. Biggles som vill ha lite omväxling går med på det och ordnar en expidition.\r\nSå flyger de mot Falklandsöarna som är brittiskt territorium. Därifrån kan de operera.\r\nMen det är inte bara Biggles och hans män som är ute efter guldet!');
INSERT INTO `Böcker` (`BokID`, `TitelID`, `FörfattareID`, `SVFörlag`, `SV1upplaga`, `ÖversättareID`, `RevÖversättareID`, `IllustratörID`, `DennaUpplaga`, `AntalUpplagor`, `RyggNr`, `Konvelut`, `Handling`) VALUES (33, 16, 1, 5, 1952, 20, 54, 3, '1', '4, 1973', '656/657', 0, 'x');
INSERT INTO `Böcker` (`BokID`, `TitelID`, `FörfattareID`, `SVFörlag`, `SV1upplaga`, `ÖversättareID`, `RevÖversättareID`, `IllustratörID`, `DennaUpplaga`, `AntalUpplagor`, `RyggNr`, `Konvelut`, `Handling`) VALUES (34, 16, 1, 5, 1952, 17, 54, 2, '4, 1973', '5, 1979', '656/657', 0, 'x');
INSERT INTO `Böcker` (`BokID`, `TitelID`, `FörfattareID`, `SVFörlag`, `SV1upplaga`, `ÖversättareID`, `RevÖversättareID`, `IllustratörID`, `DennaUpplaga`, `AntalUpplagor`, `RyggNr`, `Konvelut`, `Handling`) VALUES (35, 17, 1, 1, 1948, 12, 54, 4, '1', '27e tus, 1950', '81', 0, 'Biggles startar en semestertripp till Centralamerika med sina trogna följeslagare Algy och Ginger i amfibieplanet Wanderer. Men i Belize träffar de en bekant till Biggles, tillförordnade guvenören Carruthers som beklagar sig över en okänd fiende, en bandit som smugglare av stora mått. Därmed är de tre vännernas äventyrslust väckt! De beger sig per flyg in i urskogen för att försöka fånga den okände boven.\r\nEn rad kusliga och svårövervinnliga hinder möter dem på deras företag.\r\n\r\nMänniskoätande fiskar, ormar av oanad storlek, vidriga spindlar och hemska alligatorer hotar dem allt medan de ständigt måste vara på sin vakt mot \"Djungelkungen\" och hans anhang.\r\n\r\nEn värdefull bundsförvant får de emellertid i Dusky, en inföding och chiclesamlare, som känner djungeln och dess faror. Han är den perfekte medhjälparen när de gör sina framstötar.\r\n\r\nAlgy och Ginger har otur och råkar in i synnerligen otrevliga situationer. Men Biggles är verkligen inte den som lämnar sina kamrater i sticket. Hans djärvhet och snabba uppfattning förnekar sig aldrig och läsarens spänning hålles hela tiden på toppunkten.');
INSERT INTO `Böcker` (`BokID`, `TitelID`, `FörfattareID`, `SVFörlag`, `SV1upplaga`, `ÖversättareID`, `RevÖversättareID`, `IllustratörID`, `DennaUpplaga`, `AntalUpplagor`, `RyggNr`, `Konvelut`, `Handling`) VALUES (36, 17, 1, 9, 1955, 12, 54, 13, '1', '1', 'x', 0, 'x');
INSERT INTO `Böcker` (`BokID`, `TitelID`, `FörfattareID`, `SVFörlag`, `SV1upplaga`, `ÖversättareID`, `RevÖversättareID`, `IllustratörID`, `DennaUpplaga`, `AntalUpplagor`, `RyggNr`, `Konvelut`, `Handling`) VALUES (37, 17, 1, 5, 1974, 25, 54, 2, '1', '1', '1793/1974', 0, 'Plötsligt small ett skott. Så ett till. Indianerna hade lyckats få in en fullträff på planet - mitt i bensintanken!\r\nNu hade de bara en chans. Biggles drog på full gas och maskinen började rulla. Det gällde sekunderna nu…');
INSERT INTO `Böcker` (`BokID`, `TitelID`, `FörfattareID`, `SVFörlag`, `SV1upplaga`, `ÖversättareID`, `RevÖversättareID`, `IllustratörID`, `DennaUpplaga`, `AntalUpplagor`, `RyggNr`, `Konvelut`, `Handling`) VALUES (38, 18, 1, 5, 1970, 5, 54, 2, '1', '5, 1987', '1560/1561', 0, '- Följ mig, och stanna inte vad som än händer, väste Biggles till greven.\r\nDe rusade korridoren fram, men plötsligt tog den slut. Det var tydligen en återvändsgränd!\r\nRop och ljudet av förföljarnas steg nådde deras öron.\r\n- Vi är förlorade, stönade greven.\r\n- Aldrig i livet! Svarade Biggles envist. Vi ger oss inte så lätt.');
INSERT INTO `Böcker` (`BokID`, `TitelID`, `FörfattareID`, `SVFörlag`, `SV1upplaga`, `ÖversättareID`, `RevÖversättareID`, `IllustratörID`, `DennaUpplaga`, `AntalUpplagor`, `RyggNr`, `Konvelut`, `Handling`) VALUES (39, 19, 1, 1, 1943, 26, 54, 4, '1', '20e tus, 1947', '38/39', 0, 'x');
INSERT INTO `Böcker` (`BokID`, `TitelID`, `FörfattareID`, `SVFörlag`, `SV1upplaga`, `ÖversättareID`, `RevÖversättareID`, `IllustratörID`, `DennaUpplaga`, `AntalUpplagor`, `RyggNr`, `Konvelut`, `Handling`) VALUES (40, 19, 1, 2, 1972, 26, 54, 6, '1', '1', 'x', 0, 'Handlingen tilldrar sig under finska vinterkrigets slutskede, mars 1940, då Biggles och hans kamrater Algy och Ginger var medlemmar av en internationell division, som stred på Finlands sida.\r\n\r\nMedverkande:\r\nMajor James Bigglesworth, flygareoch brittisk agent, mer känd som Biggles.\r\nAlgy Lacey, Biggles vän och vapenbroder sedan flera år.\r\nGinger Hebblethwaite, yngst i gänget.\r\nPetolski, polsk naturvetenskapsman och uppfinnare, som hinner gömma sin portfölj med viktiga anteckningar innan han dör på flykt undan ryssar och tyskar.\r\nvon  Stalhein, tysk officer och agent, som liksom Biggles är på jakt efter Petolskis revolutionerande uppfinning.\r\n\r\nDessutom medverkar sergeant Smyth, överste Raymond, chef för engelska underrättelsetjänsten, den svensk-kanadensiska spionen Olson m. fl.');
INSERT INTO `Böcker` (`BokID`, `TitelID`, `FörfattareID`, `SVFörlag`, `SV1upplaga`, `ÖversättareID`, `RevÖversättareID`, `IllustratörID`, `DennaUpplaga`, `AntalUpplagor`, `RyggNr`, `Konvelut`, `Handling`) VALUES (41, 19, 1, 3, 1981, 26, 54, 9, '1', '1', 'x', 0, 'x');
INSERT INTO `Böcker` (`BokID`, `TitelID`, `FörfattareID`, `SVFörlag`, `SV1upplaga`, `ÖversättareID`, `RevÖversättareID`, `IllustratörID`, `DennaUpplaga`, `AntalUpplagor`, `RyggNr`, `Konvelut`, `Handling`) VALUES (42, 20, 1, 5, 1955, 27, 54, 3, '1', '5, 1980', '802/803', 0, 'x');
INSERT INTO `Böcker` (`BokID`, `TitelID`, `FörfattareID`, `SVFörlag`, `SV1upplaga`, `ÖversättareID`, `RevÖversättareID`, `IllustratörID`, `DennaUpplaga`, `AntalUpplagor`, `RyggNr`, `Konvelut`, `Handling`) VALUES (43, 20, 1, 5, 1955, 22, 54, 1, '5, 1980', '5, 1980', '802/803', 0, 'x');
INSERT INTO `Böcker` (`BokID`, `TitelID`, `FörfattareID`, `SVFörlag`, `SV1upplaga`, `ÖversättareID`, `RevÖversättareID`, `IllustratörID`, `DennaUpplaga`, `AntalUpplagor`, `RyggNr`, `Konvelut`, `Handling`) VALUES (44, 21, 1, 1, 1943, 8, 54, 4, '1', '19e tus, 1947', '36/37', 0, 'Biggles har blivit förlagd till Kent, som chef för en division Spitfireplan och hans två oskiljaktliga vänner Ginger och Algy är hans närmaste män.\r\n\r\nDessutom har han fått en samling av Englands mest våghalsiga stridsflygare under sitt befäl. Sådana, som på ett eller annat sätt har gjort sig omöjliga på sina tidigare förläggningar och som alla har sin egen uppfattning om hur stridsflygning skall utföras.\r\n\r\nDet blir ingen lätt sak för Biggles att få dessa originella herrar att smälta samman till ett både helgjutet och slagkraftigt förband, men Biggles är den rätte ledaren, som kan göra underverk. Man får vara med om kusligt spännande luftstrider, då luften är fylld av skjutande flygmaskiner, som singlar runt varandra, och när Biggles är på specialuppdrag inne på fiendens område, då glömmer man att andas av bara spänning.');
INSERT INTO `Böcker` (`BokID`, `TitelID`, `FörfattareID`, `SVFörlag`, `SV1upplaga`, `ÖversättareID`, `RevÖversättareID`, `IllustratörID`, `DennaUpplaga`, `AntalUpplagor`, `RyggNr`, `Konvelut`, `Handling`) VALUES (45, 21, 1, 2, 1973, 8, 54, 6, '1', '1', 'x', 0, 'Handlingen tilldrar sig i ett flygläger i Kent och i luftrummet över Tyskland under andra världskriget efter Frankrikes fall. Biggles är chef över en specialdivision av Spitfireflygare, som är för utpräglade särlingar för att ingå i vanliga flygförband. Som vanligt har han stor hjälp av kamraterna Algy och Ginger.\r\n\r\nMedverkande:\r\nMajor James Bigglesworth, flygare, mer känd som Biggles.\r\nAlgy Lacey, Biggles vän och vapenbroder sedan flera år.\r\nLöjtnant Ginger Hebblethwaite, yngst i gänget.\r\nGeneral Raymond, Biggles'' högsta chef och tillika chef för engelska underrättelseväsendet. Hans ankomst till lägret betyder alltid svåra specialuppdrag för majoren.\r\n\r\nDessutom medverkar kaptenerna Lissie och Mackail, löjtnanterna Ferris, O''Hara och Hughes, fänrikarna Carrington och Mooeny m.fl., samtliga ingående i major Biggles'' special division.');
INSERT INTO `Böcker` (`BokID`, `TitelID`, `FörfattareID`, `SVFörlag`, `SV1upplaga`, `ÖversättareID`, `RevÖversättareID`, `IllustratörID`, `DennaUpplaga`, `AntalUpplagor`, `RyggNr`, `Konvelut`, `Handling`) VALUES (46, 21, 1, 3, 1981, 8, 54, 9, '1', '1', 'x', 0, 'x');
INSERT INTO `Böcker` (`BokID`, `TitelID`, `FörfattareID`, `SVFörlag`, `SV1upplaga`, `ÖversättareID`, `RevÖversättareID`, `IllustratörID`, `DennaUpplaga`, `AntalUpplagor`, `RyggNr`, `Konvelut`, `Handling`) VALUES (47, 99, 1, 9, 1947, 48, 54, 14, '1', '1', 'x', 0, 'x');
INSERT INTO `Böcker` (`BokID`, `TitelID`, `FörfattareID`, `SVFörlag`, `SV1upplaga`, `ÖversättareID`, `RevÖversättareID`, `IllustratörID`, `DennaUpplaga`, `AntalUpplagor`, `RyggNr`, `Konvelut`, `Handling`) VALUES (48, 22, 1, 1, 1944, 8, 54, 4, '1', '3, 1949', '47/48', 0, 'En dag blir Biggles kallad till sin höge chef och uppdragsgivare överste Raymond, som har en mycket svår uppgift för honom och hans två vänner Algy och Ginger.\r\n\r\nEn känd sprängämnesexpert har försvunnit. Till England har det kommit en rapport om att han dödats vid en bilolycka i Mellaneuropa, men myndigheterna har anledning att anta att han i stället blivit kidnappad av tyskarna, som vill åt hans uppfinningar. Då flera engelska agenter, som sänts ut för att undersöka saken spårlöst försvunnit, vill Raymond att Biggles och hans vänner osedda skall ta sig in i landet med flyg och att de sedan skall undersöka om olyckan verkligen ägt rum.\r\n\r\nDe ger sig i väg från ett flygfält i Frankrike en mörk natt och det blir inledningen till en av de mest spännande Bigglesböckerna.');
INSERT INTO `Böcker` (`BokID`, `TitelID`, `FörfattareID`, `SVFörlag`, `SV1upplaga`, `ÖversättareID`, `RevÖversättareID`, `IllustratörID`, `DennaUpplaga`, `AntalUpplagor`, `RyggNr`, `Konvelut`, `Handling`) VALUES (49, 23, 1, 5, 1980, 28, 54, 1, '1', '1', '2154/2155', 0, 'En dag får Biggles besök av en man som berättar att hans son Tommy varit inblandad i en stor juvelkupp. Efter kuppen blev skurkarna tvungna att gömma bytet, men Tommy flyttade på det och flydde sen. Nu är han den ende som vet var det finns. Han är villig att berätta det för polisen om han själv får gå fri.\r\nNär Biggles fått veta hemligheten ger han sig iväg för att leta rätt på juvelerna tillsammans med sina kompisar.\r\nMen de är inte de enda som är ute efter skatten.');
INSERT INTO `Böcker` (`BokID`, `TitelID`, `FörfattareID`, `SVFörlag`, `SV1upplaga`, `ÖversättareID`, `RevÖversättareID`, `IllustratörID`, `DennaUpplaga`, `AntalUpplagor`, `RyggNr`, `Konvelut`, `Handling`) VALUES (50, 24, 1, 5, 1944, 29, 54, 17, '1', '9, 1984', '386/387', 0, 'x');
INSERT INTO `Böcker` (`BokID`, `TitelID`, `FörfattareID`, `SVFörlag`, `SV1upplaga`, `ÖversättareID`, `RevÖversättareID`, `IllustratörID`, `DennaUpplaga`, `AntalUpplagor`, `RyggNr`, `Konvelut`, `Handling`) VALUES (51, 24, 1, 5, 1944, 30, 54, 2, '7, 1969', '9, 1984', '386/387', 0, 'x');
INSERT INTO `Böcker` (`BokID`, `TitelID`, `FörfattareID`, `SVFörlag`, `SV1upplaga`, `ÖversättareID`, `RevÖversättareID`, `IllustratörID`, `DennaUpplaga`, `AntalUpplagor`, `RyggNr`, `Konvelut`, `Handling`) VALUES (52, 25, 1, 1, 1956, 12, 54, 18, '1', '1', '152', 0, 'En ny bok om den populäre flyghjälten Biggles och hans flygande polis på äventyrligt uppdrag i mörkaste Afrika.\r\n\r\nInom loppet av några veckor försvinner tre flygplan spårlöst och oförklarligt på färd över Afrika. Biggles, som får i uppdrag att undersöka försvinnandena, tror inte att de beror på olyckshändelser. Det visar sig att det faktiska händelseförloppet till och med överträffar hans djärvaste teorier, när han tillsammans med Ginger, Algy och Bertie kommer ner till den svarta kontinenten för att reda ut mysteriet. Genom ett djärvt schackdrag försöker Biggles få kontakt med de hemlighetsfulla makter som han tror står bakom försvinnandena. Hans gamla ärkefiende major von Stalhein dyker upp, vilket garanterar att det blir hårda tag och att det krävs större mod och påpasslighet än vanligt av Biggles, för i major von Stalhein har han en jämbördig motståndare.');
INSERT INTO `Böcker` (`BokID`, `TitelID`, `FörfattareID`, `SVFörlag`, `SV1upplaga`, `ÖversättareID`, `RevÖversättareID`, `IllustratörID`, `DennaUpplaga`, `AntalUpplagor`, `RyggNr`, `Konvelut`, `Handling`) VALUES (53, 25, 1, 5, 1975, 31, 54, 2, '1', '4, 1987', '1849/1850', 0, 'Tre brittiska plan försvinner på kort tid spårlöst över den afrikanska kontinenten. Biggles anar sabotage och flyger till Liberia med sin vänner för att lösa mysteriet. Men i den tropiska skogen blir han själv tillfångatagen och nära att få sätta livet till…');
INSERT INTO `Böcker` (`BokID`, `TitelID`, `FörfattareID`, `SVFörlag`, `SV1upplaga`, `ÖversättareID`, `RevÖversättareID`, `IllustratörID`, `DennaUpplaga`, `AntalUpplagor`, `RyggNr`, `Konvelut`, `Handling`) VALUES (54, 26, 1, 1, 1944, 8, 54, 4, '1', '26e tus, 1950', '45/46', 0, 'Den nya delen i den uppskattade Bigglesserien låter Biggles uppleva den tyska ockupationen av Norge och skildrar alla de kusliga äventyr Biggles får vara med om när han skall försöka ta sig hem till England och på samma gång får i uppdrag att skaffa så många viktiga upplysningar om tyskarna som möjligt med sig tillbaka. Den för honom till och med in på svensk mark i det att han som flykting för ett kort besök i Strömstad.\r\n\r\nKamraterna Algy och Ginger gör sitt bästa för att hjälpa honom, men även om de ibland är honom till verklig nytta, så händer det oftare att det trasslar till sig när de dyker upp.');
INSERT INTO `Böcker` (`BokID`, `TitelID`, `FörfattareID`, `SVFörlag`, `SV1upplaga`, `ÖversättareID`, `RevÖversättareID`, `IllustratörID`, `DennaUpplaga`, `AntalUpplagor`, `RyggNr`, `Konvelut`, `Handling`) VALUES (55, 26, 1, 3, 1981, 8, 54, 9, '1', '1', 'x', 0, 'x');
INSERT INTO `Böcker` (`BokID`, `TitelID`, `FörfattareID`, `SVFörlag`, `SV1upplaga`, `ÖversättareID`, `RevÖversättareID`, `IllustratörID`, `DennaUpplaga`, `AntalUpplagor`, `RyggNr`, `Konvelut`, `Handling`) VALUES (56, 27, 1, 1, 1949, 12, 54, 4, '1', '28e tus, 1952', '88', 0, 'Biggles och hans trogna vapendragare Ginger och Algy är i sin flygmaskin på väg till en högst fredlig kamratfest i Kapstaden och har hunnit till Kairo, när de denna gång blir uppsökta av äventyret.\r\n\r\nEn ung arkeologiintresserad egyptier, Kadar Alluoi Bey, har funnit spåren av perserkonungen Kambyses här, som försvann i den Libyska öknen för snart 2500 år sedan, och av den Glömda oasen, där det enligt öknens nomader lär leva en okänd ras av vita människor. Starka krafter motarbetar emellertid hans planerade vetenskapliga expedition, och när han söker upp Biggles och hans kamrater för att be om deras bistånd är han nära att bli mördad.\r\n\r\nDetta är upptakten till ett av de mest spännande och våghalsiga äventyr Biggles & Co kastat sig in i - för naturligtvis kan Biggles inte säga nej, när det gäller att strida för en rättfärdig sak. De har denna gång inte bara en skrupelfri levande fiende att kämpa emot utan också sandstormar, hunger och törst och alla de okända fasor, som möter dem i den Glömda oasen.');
INSERT INTO `Böcker` (`BokID`, `TitelID`, `FörfattareID`, `SVFörlag`, `SV1upplaga`, `ÖversättareID`, `RevÖversättareID`, `IllustratörID`, `DennaUpplaga`, `AntalUpplagor`, `RyggNr`, `Konvelut`, `Handling`) VALUES (57, 27, 1, 5, 1971, 32, 54, 2, '1', '4, 1985', '1617/1618', 0, 'Biggles och hans vänner beger sig den här gången till Egypten. De är på jakt efter en försvunnen oas.\r\nDet blir en riskfylld färd genom öknen! Människoätande myror hotar deras liv. Och fientliga infödingar vill offra dem till en helig krokodil.\r\nMen Biggles låter sig aldrig hindras när det gäller att utföra ett viktigt uppdrag.\r\n(3, 1980)');
INSERT INTO `Böcker` (`BokID`, `TitelID`, `FörfattareID`, `SVFörlag`, `SV1upplaga`, `ÖversättareID`, `RevÖversättareID`, `IllustratörID`, `DennaUpplaga`, `AntalUpplagor`, `RyggNr`, `Konvelut`, `Handling`) VALUES (58, 28, 1, 5, 1944, 15, 54, 4, '1', '9, 1979', '414/415', 0, 'x');
INSERT INTO `Böcker` (`BokID`, `TitelID`, `FörfattareID`, `SVFörlag`, `SV1upplaga`, `ÖversättareID`, `RevÖversättareID`, `IllustratörID`, `DennaUpplaga`, `AntalUpplagor`, `RyggNr`, `Konvelut`, `Handling`) VALUES (59, 28, 1, 5, 1944, 2, 54, 2, '7, 1970', '9, 1979', '414/415', 0, 'x');
INSERT INTO `Böcker` (`BokID`, `TitelID`, `FörfattareID`, `SVFörlag`, `SV1upplaga`, `ÖversättareID`, `RevÖversättareID`, `IllustratörID`, `DennaUpplaga`, `AntalUpplagor`, `RyggNr`, `Konvelut`, `Handling`) VALUES (60, 29, 1, 5, 1950, 15, 54, 3, '1', '9, 1987', '612/613', 0, 'x');
INSERT INTO `Böcker` (`BokID`, `TitelID`, `FörfattareID`, `SVFörlag`, `SV1upplaga`, `ÖversättareID`, `RevÖversättareID`, `IllustratörID`, `DennaUpplaga`, `AntalUpplagor`, `RyggNr`, `Konvelut`, `Handling`) VALUES (61, 29, 1, 5, 1950, 40, 54, 2, '6, 1967', '9, 1987', '612/613', 0, 'Biggles blir kallad till ett sjukhus i London. Där ligger en man för döden i en svår tropisk sjukdom. Han berättar att han har hälsninar från en gammal vän till Biggles som heter Angus. Och Angus behöver hjälp. Han är nämligen fånge hos en farlig man djupt inne i Sydamerikas djungel. Biggles beslutar sig för att flyga dit, och när han kommer fram får han en chock.\r\n(från 9, 1987)');
INSERT INTO `Böcker` (`BokID`, `TitelID`, `FörfattareID`, `SVFörlag`, `SV1upplaga`, `ÖversättareID`, `RevÖversättareID`, `IllustratörID`, `DennaUpplaga`, `AntalUpplagor`, `RyggNr`, `Konvelut`, `Handling`) VALUES (62, 30, 1, 1, 1942, 18, 54, 4, '1', '25e tus, 1952', '29/30', 0, 'x');
INSERT INTO `Böcker` (`BokID`, `TitelID`, `FörfattareID`, `SVFörlag`, `SV1upplaga`, `ÖversättareID`, `RevÖversättareID`, `IllustratörID`, `DennaUpplaga`, `AntalUpplagor`, `RyggNr`, `Konvelut`, `Handling`) VALUES (63, 30, 1, 2, 1972, 18, 19, 6, '1', '1', 'x', 0, 'Handlingen utspelas i inbördeskrigets Spanien. Biggles och hans vänner kommer av en händelse över ett topphemligt dokument, som många vill åt. Farligheterna avlöser varandra, och Biggles'', Algys och Gingers mod och flygskicklighet sätts på hårda prov.\r\n\r\nMedverkande:\r\nMajor James Bigglesworth, flygare, mer känd som Biggles.\r\nAlgy Lacey, Biggles vän och vapenbroder sedan många år.\r\nGinger Hebblethwaite, Biggles'' bästa elev, utan vars hjälp Biggles och Algy hade varit förlorade.\r\nJuan Goudini, propagandakommisarie och spionchef.\r\nJock McLannock, skotsk stridsflygare som deltar i spanska inbördeskriget.\r\n\r\nDessutom medverkar Dick Frazer, hemlig agent, cockneyn Fred Summers, soldater, fångvaktare, poliser, gränsvakter och många andra.');
INSERT INTO `Böcker` (`BokID`, `TitelID`, `FörfattareID`, `SVFörlag`, `SV1upplaga`, `ÖversättareID`, `RevÖversättareID`, `IllustratörID`, `DennaUpplaga`, `AntalUpplagor`, `RyggNr`, `Konvelut`, `Handling`) VALUES (64, 30, 1, 3, 1981, 18, 19, 9, '1', '1', 'x', 0, 'x');
INSERT INTO `Böcker` (`BokID`, `TitelID`, `FörfattareID`, `SVFörlag`, `SV1upplaga`, `ÖversättareID`, `RevÖversättareID`, `IllustratörID`, `DennaUpplaga`, `AntalUpplagor`, `RyggNr`, `Konvelut`, `Handling`) VALUES (65, 122, 1, 6, 1972, 2, 54, 2, '1', '1', '105', 0, 'Biggles får i uppdrag att undersöka riktigheten i ett konstigt rykte - att en tokig engelsman skulle hålla till på en korallö i Stilla havet. Men när Biggles kommer fram till ön har befolkningen övergivit den. Däremot hittar han ett förlist fartyg och ombord ligger fartygets kapten - mördad!');
INSERT INTO `Böcker` (`BokID`, `TitelID`, `FörfattareID`, `SVFörlag`, `SV1upplaga`, `ÖversättareID`, `RevÖversättareID`, `IllustratörID`, `DennaUpplaga`, `AntalUpplagor`, `RyggNr`, `Konvelut`, `Handling`) VALUES (66, 31, 1, 5, 1958, 4, 54, 3, '1', '5, 1992', '904/905', 0, 'x');
INSERT INTO `Böcker` (`BokID`, `TitelID`, `FörfattareID`, `SVFörlag`, `SV1upplaga`, `ÖversättareID`, `RevÖversättareID`, `IllustratörID`, `DennaUpplaga`, `AntalUpplagor`, `RyggNr`, `Konvelut`, `Handling`) VALUES (67, 32, 1, 1, 1950, 12, 54, 4, '1', '25e tus, 1950', '94', 0, 'Biggles stöter händelsevis på sin gode vän, f.d. stridsflygaren Sandy Macaster, som just kommit hem från Söderhavet för att söka finansiärer till en pärlfiskarexpedition i Paumotaurkipelagen. Företaget är inte riskfritt, berättar Sandy, men Biggles och hans trogna vapendragare Ginger och Algy beslutar sig trots allt för att bistå vännen. Med flygbåten \"Scud\" beger de sig till De Låga Öarna, där Sandy upptäckt en orörd, sagolikt rikt musselbank utanför en korallö.\r\n\r\nDen skumme korsikanen Castanelli har emellertid gjort samma upptäckt och väjer inte för mord för att ensam komma åt de omätliga rikedomarna på havets botten. Och ännu större faror hotar från andra håll. Under en rasande orkan, som kommer oceanens jättevågor att spola över hela den lilla atollen når spänningen sin klimax liksom när Sandy och Ginger anfalls av havsvidunder som jättebläckfiskar och tigerhajar. Utan de polynesiska ungdomarna Hajdödares och Fulmånes orädda ingripande skulle de ha varit förlorade många gånger om - och det gamla talesättet att pärlor för otur med sig tycks mer än en gång besannas. - Paradisiska Söderhavsöar, säger Algy, jo, jag tackar! Jag önskar att alla schlagerkompositörer, som dillar om Söderhavets romantik hade varit med.\r\n\r\nEn bok full av spänning, äventyr och fart - som alltid när nutidens tre musketörer, Biggles, Ginger och Algy, är med i leken.');
INSERT INTO `Böcker` (`BokID`, `TitelID`, `FörfattareID`, `SVFörlag`, `SV1upplaga`, `ÖversättareID`, `RevÖversättareID`, `IllustratörID`, `DennaUpplaga`, `AntalUpplagor`, `RyggNr`, `Konvelut`, `Handling`) VALUES (68, 32, 1, 5, 1972, 2, 54, 2, '1', '3, 1978', '1680/1681', 0, 'Vill du vara med om att dyka efter pärlor och slåss mot jättelika bläckfiskar? Då ska du följa med Biggles på hans nya uppdrag i Söderhavet, där du kommer att få uppleva otroligt spännande äventyr!');
INSERT INTO `Böcker` (`BokID`, `TitelID`, `FörfattareID`, `SVFörlag`, `SV1upplaga`, `ÖversättareID`, `RevÖversättareID`, `IllustratörID`, `DennaUpplaga`, `AntalUpplagor`, `RyggNr`, `Konvelut`, `Handling`) VALUES (69, 34, 1, 1, 1952, 33, 54, 4, '1', '1', '100', 0, 'Professor Richard Bigglesworth hör under en resa i Tibet besynnerliga rykten om Ljusets berg och beslutar undersöka sanningshalten i berättelserna om dess både döds- och läkebringande egenskaper. Inför de faror som möter måste han fly. Han märker snart att han är förföljd och återkommen till London utsätts han för upprepade mordförsök.\r\n\r\nI sin nöd tillkallar han sin brorson, Biggles, som först inte sätter någon tilltro till den egendomliga historia farbrodern berättar. Lockad av möjligheten att kunna vara mänskligheten till hjälp, går han dock med på att flyga professor Bigglesworth och dennes medhjälpare till Tibet för att utforska hemligheten med Ljusets berg. Vännerna Algy och Ginger, de trogna kamraterna i många äventyr, erbjuder också sina tjänster, och snart befinner sig den lilla expeditionen i de outforskade i de outforskade trakter av Tibet, där Ljusets berg ligger. Men dess hemlighet är väl skyddad, och de blir snart varse att dess mystiska väktare inte tänker släppa den ifrån sig utan strid.\r\n\r\nUnder omättliga faror och tack vare Biggles skarpsinne, mod och rådighet samt en god portion tur lyckas de avslöja och omintetgöra den ohyggliga plan, som chungerna tänkt sätta i verket inom kort.\r\n\r\nDet kryper i skinnet av spänning när Biggles och hans kamrater kastar sig in i den ena faran efter den andra, och man kan inte andas ut förrän de vänder amfibieplanet Explorer mot flygfältet i Chittagong, där deras frånvaro väckt stor uppståndelse');
INSERT INTO `Böcker` (`BokID`, `TitelID`, `FörfattareID`, `SVFörlag`, `SV1upplaga`, `ÖversättareID`, `RevÖversättareID`, `IllustratörID`, `DennaUpplaga`, `AntalUpplagor`, `RyggNr`, `Konvelut`, `Handling`) VALUES (70, 34, 1, 2, 1967, 33, 54, 5, '1', '1', 'x', 0, 'Handlingen tilldrar sig i ett otillgängligt bergsområde i östa Tibet. Här går besynnerliga rykten om ett berg som kallas Ljusets berg och som ska ha magiska egenskaper. Men ingen vet någonting säkert: berget skyddas av krafter som ingen rår på.\r\n\r\nMedverkande\r\nMajor James Bigglesworth, flygare, mer känd som Biggles.\r\nAlgy Lacey, Biggles vän och vapenbroder sedan många år.\r\nGinger Hebblethwaite, som nyligen tagit flygcertifikat och som vet mycket om motorer.\r\nProfessor Richard Bigglesworth, Biggles farbror, som är upptäcksresande.\r\nLord Roger Maltenham som bekostar expeditionen till Ljusets berg.\r\n\r\nDessutom medverkar Angus Mc Allister som är hundra år men ser ut som sextio, mongoler som kan göra sig osynliga, personal vid RAF:s flygplatser i Indien och många andra.');
INSERT INTO `Böcker` (`BokID`, `TitelID`, `FörfattareID`, `SVFörlag`, `SV1upplaga`, `ÖversättareID`, `RevÖversättareID`, `IllustratörID`, `DennaUpplaga`, `AntalUpplagor`, `RyggNr`, `Konvelut`, `Handling`) VALUES (71, 35, 1, 5, 1944, 29, 54, 17, '1', '9, 1987', '382/383', 0, 'x');
INSERT INTO `Böcker` (`BokID`, `TitelID`, `FörfattareID`, `SVFörlag`, `SV1upplaga`, `ÖversättareID`, `RevÖversättareID`, `IllustratörID`, `DennaUpplaga`, `AntalUpplagor`, `RyggNr`, `Konvelut`, `Handling`) VALUES (72, 35, 1, 5, 1944, 40, 54, 2, '6, 1967', '9, 1987', '382/383', 0, 'Biggles stirrade med avsky och fasa på blomman vid sina fötter, för den vände och vred sig på den fuktiga marken.\r\nPlötsligt fylldes luften av en överväldigande parfymdoft och Biggles ryggade tillbaka med ett hest skrik samtidigt som han förde händerna mot halsen. En hemsk misstanke började ta form i hans hjärna.\r\n- Det är gift! skrek han. Spring för livet!\r\nHan kände hur hans sinnen började bedövas.\r\n(9, 1987)');
INSERT INTO `Böcker` (`BokID`, `TitelID`, `FörfattareID`, `SVFörlag`, `SV1upplaga`, `ÖversättareID`, `RevÖversättareID`, `IllustratörID`, `DennaUpplaga`, `AntalUpplagor`, `RyggNr`, `Konvelut`, `Handling`) VALUES (73, 36, 1, 5, 1943, 29, 54, 4, '1', '10, 1987', '366/367', 0, 'Tillägnad\r\nKADETTERNA VID FLYGSKOLAN\r\nav vilka många snart kommer att föra Biggles'' traditioner vidare, liksom de som redan äro i tjänst fört dem vidare under «Slaget om Storbritannien» och alltjämt riskera vågstycken i nära och fjärran hörn av världen.');
INSERT INTO `Böcker` (`BokID`, `TitelID`, `FörfattareID`, `SVFörlag`, `SV1upplaga`, `ÖversättareID`, `RevÖversättareID`, `IllustratörID`, `DennaUpplaga`, `AntalUpplagor`, `RyggNr`, `Konvelut`, `Handling`) VALUES (74, 36, 1, 5, 1943, 40, 54, 2, '7, 1967', '10, 1987', '366/367', 0, 'x');
INSERT INTO `Böcker` (`BokID`, `TitelID`, `FörfattareID`, `SVFörlag`, `SV1upplaga`, `ÖversättareID`, `RevÖversättareID`, `IllustratörID`, `DennaUpplaga`, `AntalUpplagor`, `RyggNr`, `Konvelut`, `Handling`) VALUES (75, 37, 1, 1, 1943, 8, 54, 4, '1', '24e tus, 1952', '32/33', 0, 'x');
INSERT INTO `Böcker` (`BokID`, `TitelID`, `FörfattareID`, `SVFörlag`, `SV1upplaga`, `ÖversättareID`, `RevÖversättareID`, `IllustratörID`, `DennaUpplaga`, `AntalUpplagor`, `RyggNr`, `Konvelut`, `Handling`) VALUES (76, 37, 1, 3, 1981, 19, 54, 9, '1', '1', 'x', 0, 'x');
INSERT INTO `Böcker` (`BokID`, `TitelID`, `FörfattareID`, `SVFörlag`, `SV1upplaga`, `ÖversättareID`, `RevÖversättareID`, `IllustratörID`, `DennaUpplaga`, `AntalUpplagor`, `RyggNr`, `Konvelut`, `Handling`) VALUES (77, 38, 1, 5, 1961, 34, 54, 4, '1', '4,1973', '1088/1089', 0, 'x');
INSERT INTO `Böcker` (`BokID`, `TitelID`, `FörfattareID`, `SVFörlag`, `SV1upplaga`, `ÖversättareID`, `RevÖversättareID`, `IllustratörID`, `DennaUpplaga`, `AntalUpplagor`, `RyggNr`, `Konvelut`, `Handling`) VALUES (78, 39, 1, 5, 1948, 15, 54, 4, '1', '7, 1981', '542/543', 0, 'x');
INSERT INTO `Böcker` (`BokID`, `TitelID`, `FörfattareID`, `SVFörlag`, `SV1upplaga`, `ÖversättareID`, `RevÖversättareID`, `IllustratörID`, `DennaUpplaga`, `AntalUpplagor`, `RyggNr`, `Konvelut`, `Handling`) VALUES (79, 39, 1, 5, 1948, 16, 54, 2, '5, 1970', '7, 1981', '542/543', 0, 'x');
INSERT INTO `Böcker` (`BokID`, `TitelID`, `FörfattareID`, `SVFörlag`, `SV1upplaga`, `ÖversättareID`, `RevÖversättareID`, `IllustratörID`, `DennaUpplaga`, `AntalUpplagor`, `RyggNr`, `Konvelut`, `Handling`) VALUES (80, 40, 1, 5, 1951, 41, 54, 3, '1', '8, 1977', 'x', 0, 'x');
INSERT INTO `Böcker` (`BokID`, `TitelID`, `FörfattareID`, `SVFörlag`, `SV1upplaga`, `ÖversättareID`, `RevÖversättareID`, `IllustratörID`, `DennaUpplaga`, `AntalUpplagor`, `RyggNr`, `Konvelut`, `Handling`) VALUES (81, 41, 1, 6, 1971, 2, 54, 2, '1', '1', '59', 0, 'En poliskonstapel har spårlöst försvunnit i en liten by. Biggles flyger dit för rutinundersökningar - och gör det ena sensationella avslöjandet efter det andra! En grav, en gravspade och en predikstol får avgörande betydelse för gåtans lösning.');
INSERT INTO `Böcker` (`BokID`, `TitelID`, `FörfattareID`, `SVFörlag`, `SV1upplaga`, `ÖversättareID`, `RevÖversättareID`, `IllustratörID`, `DennaUpplaga`, `AntalUpplagor`, `RyggNr`, `Konvelut`, `Handling`) VALUES (82, 41, 1, 7, 1981, 2, 54, 2, '1', '1', '77', 0, 'En poliskonstapel har spårlöst försvunnit i en liten by, och kommisarie Gaskin på Scotland Yard lyckas inte lösa fallet.\r\nDå beger sig Biggles till byn för att se om han kan lyckas bättre. Och han gör den ena sensationella upptäckten efter den andra.');
INSERT INTO `Böcker` (`BokID`, `TitelID`, `FörfattareID`, `SVFörlag`, `SV1upplaga`, `ÖversättareID`, `RevÖversättareID`, `IllustratörID`, `DennaUpplaga`, `AntalUpplagor`, `RyggNr`, `Konvelut`, `Handling`) VALUES (83, 123, 1, 5, 1963, 35, 54, 3, '1', '4, 1981', '1147/1148', 0, 'x');
INSERT INTO `Böcker` (`BokID`, `TitelID`, `FörfattareID`, `SVFörlag`, `SV1upplaga`, `ÖversättareID`, `RevÖversättareID`, `IllustratörID`, `DennaUpplaga`, `AntalUpplagor`, `RyggNr`, `Konvelut`, `Handling`) VALUES (84, 43, 1, 5, 1960, 36, 54, 3, '1', '4, 1973', '1040/1041', 0, 'x');
INSERT INTO `Böcker` (`BokID`, `TitelID`, `FörfattareID`, `SVFörlag`, `SV1upplaga`, `ÖversättareID`, `RevÖversättareID`, `IllustratörID`, `DennaUpplaga`, `AntalUpplagor`, `RyggNr`, `Konvelut`, `Handling`) VALUES (85, 45, 1, 5, 1963, 11, 54, 3, '1', '4, 1987', '1181/1182', 0, 'x');
INSERT INTO `Böcker` (`BokID`, `TitelID`, `FörfattareID`, `SVFörlag`, `SV1upplaga`, `ÖversättareID`, `RevÖversättareID`, `IllustratörID`, `DennaUpplaga`, `AntalUpplagor`, `RyggNr`, `Konvelut`, `Handling`) VALUES (86, 124, 1, 5, 1979, 1, 54, 1, '1', '1', '2094/2095', 0, 'Scotland Yard arbetar med ett besvärligt fall. Världens dyrbaraste pärlsamling, som tillhör en rik kines, ska föras från Taihan i Malaysia till London. Enda möjligheten är att transporten sker med flyg, eftersom pärlorna förvaras i Lin Sengs palats mitt ute i djungeln.\r\nBiggles och hans vän Algy vid flygande polisen reser till Taihan - och dyker rakt in i ett livsfarligt äventyr bland hänsynslösa pärltjuvar.');
INSERT INTO `Böcker` (`BokID`, `TitelID`, `FörfattareID`, `SVFörlag`, `SV1upplaga`, `ÖversättareID`, `RevÖversättareID`, `IllustratörID`, `DennaUpplaga`, `AntalUpplagor`, `RyggNr`, `Konvelut`, `Handling`) VALUES (87, 1, 1, 1, 1941, 13, 54, 4, '1', '23e tus, 1952', '17/18', 0, 'x');
INSERT INTO `Böcker` (`BokID`, `TitelID`, `FörfattareID`, `SVFörlag`, `SV1upplaga`, `ÖversättareID`, `RevÖversättareID`, `IllustratörID`, `DennaUpplaga`, `AntalUpplagor`, `RyggNr`, `Konvelut`, `Handling`) VALUES (88, 1, 1, 9, 1949, 13, 54, 6, '1', '1', 'x', 0, 'x');
INSERT INTO `Böcker` (`BokID`, `TitelID`, `FörfattareID`, `SVFörlag`, `SV1upplaga`, `ÖversättareID`, `RevÖversättareID`, `IllustratörID`, `DennaUpplaga`, `AntalUpplagor`, `RyggNr`, `Konvelut`, `Handling`) VALUES (89, 1, 1, 2, 1972, 19, 54, 6, '1', '1', 'x', 0, 'Handlingen utspelas i England, Frankrike och Tyskland, där Biggles och hans trogna kompisar Algy och Ginger möter en motståndare som inte skyr några medel.\r\n\r\nMedverkande:\r\nMajor James Bigglesworth, av sina vänner kallad Biggles, som får i uppdrag av guldmäklarfirman Cronfelt & Carstairs att starta en flyglinje för de stora guldtransporterna till Frankrike. \r\nAlgy Lacey, Biggles'' gamla skvadronkamrat som försvinner under en av transporterna.\r\nGinger Hebblethwaite, Biggles'' bästa elev, utan vars hjälp Biggles och Algy hade varit förlorade.\r\nErich von Stahlhein, f.d. kapten i kejserliga armén och f.d. tjänsteman i underrättelseväsendet.\r\n\r\nDessutom medverkar mäklarna Cronfelt & Carstairs, den senares dotter Stella Carstairs, överste Raymond m.fl.');
INSERT INTO `Böcker` (`BokID`, `TitelID`, `FörfattareID`, `SVFörlag`, `SV1upplaga`, `ÖversättareID`, `RevÖversättareID`, `IllustratörID`, `DennaUpplaga`, `AntalUpplagor`, `RyggNr`, `Konvelut`, `Handling`) VALUES (90, 1, 1, 3, 1981, 19, 54, 9, '1', '1', 'x', 0, '- Skulle ni våga organisera en flyglinje? Frågan ställdes till Biggles av guldmäklaren Paul Cronfelt. Ni får fullmakt att skaffa allt ni anser er behöva och alla räkningar skickar ni bara till oss.\r\n- Jag har aldrig försökt, medgav Biggles. Men jag skulle inte bli förvånad om jag kunde det.\r\nBiggles och hans kompanjoner antar utmaningen att flyga guld och diamanter från England till Frankrike. Men inte anade Biggles att dessa flygningar skulle bli de äventyrligaste under hela hans bana.');
INSERT INTO `Böcker` (`BokID`, `TitelID`, `FörfattareID`, `SVFörlag`, `SV1upplaga`, `ÖversättareID`, `RevÖversättareID`, `IllustratörID`, `DennaUpplaga`, `AntalUpplagor`, `RyggNr`, `Konvelut`, `Handling`) VALUES (91, 47, 1, 8, 1952, 20, 54, 3, '1', '1', '1', 0, 'Biggles finner en mystisk flygbåt och det blir en vild jakt på besättningen.');
INSERT INTO `Böcker` (`BokID`, `TitelID`, `FörfattareID`, `SVFörlag`, `SV1upplaga`, `ÖversättareID`, `RevÖversättareID`, `IllustratörID`, `DennaUpplaga`, `AntalUpplagor`, `RyggNr`, `Konvelut`, `Handling`) VALUES (92, 47, 1, 5, 1969, 20, 54, 2, '1', '4, 1977', '1507/1508', 0, 'x');
INSERT INTO `Böcker` (`BokID`, `TitelID`, `FörfattareID`, `SVFörlag`, `SV1upplaga`, `ÖversättareID`, `RevÖversättareID`, `IllustratörID`, `DennaUpplaga`, `AntalUpplagor`, `RyggNr`, `Konvelut`, `Handling`) VALUES (93, 48, 1, 5, 1964, 7, 54, 3, '1', '4, 1979', '1197/1198', 0, 'x');
INSERT INTO `Böcker` (`BokID`, `TitelID`, `FörfattareID`, `SVFörlag`, `SV1upplaga`, `ÖversättareID`, `RevÖversättareID`, `IllustratörID`, `DennaUpplaga`, `AntalUpplagor`, `RyggNr`, `Konvelut`, `Handling`) VALUES (94, 49, 1, 5, 1959, 36, 54, 3, '1', '4, 1980', '991/992', 0, 'x');
INSERT INTO `Böcker` (`BokID`, `TitelID`, `FörfattareID`, `SVFörlag`, `SV1upplaga`, `ÖversättareID`, `RevÖversättareID`, `IllustratörID`, `DennaUpplaga`, `AntalUpplagor`, `RyggNr`, `Konvelut`, `Handling`) VALUES (95, 49, 1, 5, 1959, 1, 54, 1, '4, 1980', '4, 1980', '991/992', 0, 'x');
INSERT INTO `Böcker` (`BokID`, `TitelID`, `FörfattareID`, `SVFörlag`, `SV1upplaga`, `ÖversättareID`, `RevÖversättareID`, `IllustratörID`, `DennaUpplaga`, `AntalUpplagor`, `RyggNr`, `Konvelut`, `Handling`) VALUES (96, 50, 1, 5, 1962, 3, 54, 10, '1', '4, 1979', '1093/1094', 0, 'x');
INSERT INTO `Böcker` (`BokID`, `TitelID`, `FörfattareID`, `SVFörlag`, `SV1upplaga`, `ÖversättareID`, `RevÖversättareID`, `IllustratörID`, `DennaUpplaga`, `AntalUpplagor`, `RyggNr`, `Konvelut`, `Handling`) VALUES (97, 51, 1, 7, 1977, 17, 54, 1, '1', '1', '12', 0, 'En främmande pilot landar plötsligt på 266:e divisionens flygfält. Han bär fransk uniform och påstår att han flugit vilse och att bensinen tagit slut.\r\nMen Biggles misstänker att han är en tysk spion.\r\nFyra spännande Biggles-berättelser.');
INSERT INTO `Böcker` (`BokID`, `TitelID`, `FörfattareID`, `SVFörlag`, `SV1upplaga`, `ÖversättareID`, `RevÖversättareID`, `IllustratörID`, `DennaUpplaga`, `AntalUpplagor`, `RyggNr`, `Konvelut`, `Handling`) VALUES (98, 52, 1, 6, 1972, 2, 54, 2, '1', '1', '97', 0, 'Utanför Skottlands västkust ligger en otillgänglig obebodd liten ö. Men under en rutinflygning upptäcker Ginger plötsligt en rökslinga som stiger mot himlen. Har någon tagit ön i besittning? Eller är det överlevande från ett förlist fartyg? Biggles och Ginger beslutar att undersöka fallet.');
INSERT INTO `Böcker` (`BokID`, `TitelID`, `FörfattareID`, `SVFörlag`, `SV1upplaga`, `ÖversättareID`, `RevÖversättareID`, `IllustratörID`, `DennaUpplaga`, `AntalUpplagor`, `RyggNr`, `Konvelut`, `Handling`) VALUES (99, 53, 1, 1, 1953, 8, 54, 18, '1', '1', '111', 0, 'Ett rövarband härjar i Afrika. Ena veckan plundrar och mördar det i Kenia eller Rhodesia för att nästa dyka upp i Uganda eller i Portugisiska Angola. Bandets ledare, en jättelik neger, om vilken man vet att han heter Cetzulu och kallar sig Svarta Elefanten, uppviglar infödingarna och vill göra sig till Afrikas härskare. Han har en otrolig förmåga att göra sig osynlig efter varje övergrepp och de lokala myndigheterna jagar honom förgäves.\r\n\r\nSom alltid när Biggles griper in är det en allvarlig affär, som till varje pris måste klaras upp, och faran - och spänningen - är större än någon gång tidigare därför att han här har en motståndare, som inte står honom efter ifråga om mod att ta risker - och som dessutom är fullständigt samvetslös när det gäller vita mäns liv.\r\n\r\nBiggles får i uppdrag att spåra upp och oskadliggöra detta vilddjur i människogestalt, vars hemliga vägar och tillhåll inte ens hans fiender bland infödingarna tycks våga avslöja. Överallt dör han drar fram sprider han skräck och panik, och på de vitas plantager försvinner negrerna som agnar för vinden bara någon nämner Cetzulu. Men Biggles får en idé, en genialt enkel idé, som Cetzulu inte räknat med…');
INSERT INTO `Böcker` (`BokID`, `TitelID`, `FörfattareID`, `SVFörlag`, `SV1upplaga`, `ÖversättareID`, `RevÖversättareID`, `IllustratörID`, `DennaUpplaga`, `AntalUpplagor`, `RyggNr`, `Konvelut`, `Handling`) VALUES (100, 53, 1, 5, 1973, 37, 54, 2, '1', '4, 1985', '1738/1739', 0, 'Biggles blir utsänd till Centralafrika på ett viktigt uppdrag. En zulukrigare, som kallar sig själv Den Svarta Elefanten, terroriserar byarna. Han sprider skräck överallt dör han går fram. Men hur ska Biggles finna honom?');
INSERT INTO `Böcker` (`BokID`, `TitelID`, `FörfattareID`, `SVFörlag`, `SV1upplaga`, `ÖversättareID`, `RevÖversättareID`, `IllustratörID`, `DennaUpplaga`, `AntalUpplagor`, `RyggNr`, `Konvelut`, `Handling`) VALUES (101, 54, 1, 6, 1970, 2, 54, 2, '1', '1', '48', 0, 'Biggles får i uppdrag att försöka ta reda på hur mycket dyrbara diamanter kunnat hamna hos en pantlånare. Diamanterna måste ha smugglats in i England, men hur?\r\nBiggles söker lösningen - och finner den i Afrika!');
INSERT INTO `Böcker` (`BokID`, `TitelID`, `FörfattareID`, `SVFörlag`, `SV1upplaga`, `ÖversättareID`, `RevÖversättareID`, `IllustratörID`, `DennaUpplaga`, `AntalUpplagor`, `RyggNr`, `Konvelut`, `Handling`) VALUES (102, 54, 1, 7, 1977, 2, 54, 2, '1', '1', '2', 0, 'Biggles får i uppdrag att försöka ta reda på hur mycket dyrbara diamanter kunnat hamna hos en pantlånare. Diamanterna måste ha smugglats in i England, men hur?\r\n\r\nBiggle söker lösningen - och finner den i Afrika!');
INSERT INTO `Böcker` (`BokID`, `TitelID`, `FörfattareID`, `SVFörlag`, `SV1upplaga`, `ÖversättareID`, `RevÖversättareID`, `IllustratörID`, `DennaUpplaga`, `AntalUpplagor`, `RyggNr`, `Konvelut`, `Handling`) VALUES (103, 56, 1, 5, 1968, 5, 54, 2, '1', '5, 1987', '1453/1454', 0, 'x');
INSERT INTO `Böcker` (`BokID`, `TitelID`, `FörfattareID`, `SVFörlag`, `SV1upplaga`, `ÖversättareID`, `RevÖversättareID`, `IllustratörID`, `DennaUpplaga`, `AntalUpplagor`, `RyggNr`, `Konvelut`, `Handling`) VALUES (104, 55, 1, 6, 1971, 2, 54, 2, '1', '1', '79', 0, 'Mystiska och okända flygplan har observerats vid Elfenbenskusten. Varifrån kommer de och vad har de för ärende? Finns det ett hemligt flygfölt inne i djungeln? Naturligtvis blir det Biggles som får undersöka saken. Och han ger sig ut på flygspaningar som leder honom till Afrikas mörkaste och farligaste trakter!');
INSERT INTO `Böcker` (`BokID`, `TitelID`, `FörfattareID`, `SVFörlag`, `SV1upplaga`, `ÖversättareID`, `RevÖversättareID`, `IllustratörID`, `DennaUpplaga`, `AntalUpplagor`, `RyggNr`, `Konvelut`, `Handling`) VALUES (105, 57, 1, 5, 1957, 36, 54, 3, '1', '4, 1977', '857', 0, 'x');
INSERT INTO `Böcker` (`BokID`, `TitelID`, `FörfattareID`, `SVFörlag`, `SV1upplaga`, `ÖversättareID`, `RevÖversättareID`, `IllustratörID`, `DennaUpplaga`, `AntalUpplagor`, `RyggNr`, `Konvelut`, `Handling`) VALUES (106, 58, 1, 5, 1965, 23, 54, 3, '1', '3, 1977', '1247/1248', 0, 'x');
INSERT INTO `Böcker` (`BokID`, `TitelID`, `FörfattareID`, `SVFörlag`, `SV1upplaga`, `ÖversättareID`, `RevÖversättareID`, `IllustratörID`, `DennaUpplaga`, `AntalUpplagor`, `RyggNr`, `Konvelut`, `Handling`) VALUES (107, 59, 1, 5, 1982, 1, 54, 1, '1', '1', '2270/2271', 0, '- Det är ledaren för ligan jag vill ha tag i, sa Biggles. Hjärnan bakom alla de här brotten.\r\nOch i hopp om att få upp ett spår skickade han iväg Ginger - utklädd till indisk prinsessa - till Skottland i en Rolls Royce med Bertie som chaufför. Skulle ligan låta sig luras och fastna på kroken?\r\nAllt skulle nog ha gått bra om bara inte en helikopter plötsligt hade blandat sig i leken.');
INSERT INTO `Böcker` (`BokID`, `TitelID`, `FörfattareID`, `SVFörlag`, `SV1upplaga`, `ÖversättareID`, `RevÖversättareID`, `IllustratörID`, `DennaUpplaga`, `AntalUpplagor`, `RyggNr`, `Konvelut`, `Handling`) VALUES (108, 61, 1, 8, 1952, 20, 54, 3, '1', '1', '5', 0, 'Biggles, Ginger och Algy är ute på nya äventyr i Centralamerika.');
INSERT INTO `Böcker` (`BokID`, `TitelID`, `FörfattareID`, `SVFörlag`, `SV1upplaga`, `ÖversättareID`, `RevÖversättareID`, `IllustratörID`, `DennaUpplaga`, `AntalUpplagor`, `RyggNr`, `Konvelut`, `Handling`) VALUES (109, 61, 1, 5, 1971, 38, 54, 2, '1', '5, 1984', '1613/1614', 0, 'Tillsammans med en berömd upptäcktsresande beger sig Biggles till Centralamerika för att leta efter den berömda men spårlöst försvunna inka-skatten.\r\nMen den undre världen är på jakt efter samma byte och Biggles dras snart in i en skoningslös strid på liv och död.\r\n(4, 1978)');
INSERT INTO `Böcker` (`BokID`, `TitelID`, `FörfattareID`, `SVFörlag`, `SV1upplaga`, `ÖversättareID`, `RevÖversättareID`, `IllustratörID`, `DennaUpplaga`, `AntalUpplagor`, `RyggNr`, `Konvelut`, `Handling`) VALUES (110, 62, 1, 1, 1961, 12, 54, 13, '1', '1', '259', 0, 'Narkotikasmuggling är ett av Interpols allvarligaste problem. När man då och då läser i tidningen om att en narkotikaliga blivit sprängd anar man inte hur vittförgrenad den illegala handeln med narkotika är, ingenting om de ekonomiska intressen som ligger bakom och ingenting om det intensiva arbete Interpol lägger ner på att hejda den ström av narkotika som smugglas ut över världen.\r\n\r\nBiggles arbetar för Interpol och hjälper sin unge amerikanske kollega, Eddie Ross, att klara sin första stora självständiga uppgift. Det gäller att spåra upp och helst oskadliggöra den liga som ligger bakom insmugglandet av giftet i form av drageer och karameller med skyldigt utseende, som den amerikanska ungdomen börjat falla offer för. Både Bertie och Ginger deltar i det tidsödande och nervpirrande spaningsarbetet som leder dem till ett gammalt kloster i den vidsträckta grekiska övärlden. En spännande äventyrsbok som ger en inblick i Interpols arbete och i narkotikamissbrukets faror');
INSERT INTO `Böcker` (`BokID`, `TitelID`, `FörfattareID`, `SVFörlag`, `SV1upplaga`, `ÖversättareID`, `RevÖversättareID`, `IllustratörID`, `DennaUpplaga`, `AntalUpplagor`, `RyggNr`, `Konvelut`, `Handling`) VALUES (111, 63, 1, 5, 1952, 20, 54, 6, '1', '7, 1981', '684/685', 0, 'x');
INSERT INTO `Böcker` (`BokID`, `TitelID`, `FörfattareID`, `SVFörlag`, `SV1upplaga`, `ÖversättareID`, `RevÖversättareID`, `IllustratörID`, `DennaUpplaga`, `AntalUpplagor`, `RyggNr`, `Konvelut`, `Handling`) VALUES (112, 64, 1, 5, 1972, 32, 54, 2, '1', '4, 1985', '1676/1677', 0, 'Det är något mystiskt med den lilla fiskebyn. Varje morgon ger sig fiskarna ut med sina båtar för att fiska haj. Men då båtarna återvänder på kvällen är det inte längre samma män ombord. Besättningen har bytts ut!\r\nBiggles bestämmer sig för att lösa gåtan.');
INSERT INTO `Böcker` (`BokID`, `TitelID`, `FörfattareID`, `SVFörlag`, `SV1upplaga`, `ÖversättareID`, `RevÖversättareID`, `IllustratörID`, `DennaUpplaga`, `AntalUpplagor`, `RyggNr`, `Konvelut`, `Handling`) VALUES (113, 65, 1, 6, 1974, 17, 54, 1, '1', '1', '173', 0, 'General Raymond skör fram ett litet vitt paket mot Biggles.\r\n- Titta på det här, bad han.\r\nBiggles synade paketet noga och fann att det innehöll cigaretter. Han tog ut en och luktade på den.\r\n- Hmm, verkar som marijuana.\r\n-Just det, och den här smörjan importeras med flyg. Borde vi inte sätta stop för det?');
INSERT INTO `Böcker` (`BokID`, `TitelID`, `FörfattareID`, `SVFörlag`, `SV1upplaga`, `ÖversättareID`, `RevÖversättareID`, `IllustratörID`, `DennaUpplaga`, `AntalUpplagor`, `RyggNr`, `Konvelut`, `Handling`) VALUES (114, 66, 1, 6, 1972, 2, 54, 2, '1', '1', '84', 0, 'Ett flygplan har under mystiska omständigheter störtat i Afrika. Biggles flyger dit och gör en oväntad upptäckt - den man som låg skjuten i planet var inte piloten utan en helt okänd person. Medan Biggles utreder fallet, försvinner en dyrbar pärlsamling. Mystiken tätnar…');
INSERT INTO `Böcker` (`BokID`, `TitelID`, `FörfattareID`, `SVFörlag`, `SV1upplaga`, `ÖversättareID`, `RevÖversättareID`, `IllustratörID`, `DennaUpplaga`, `AntalUpplagor`, `RyggNr`, `Konvelut`, `Handling`) VALUES (115, 67, 1, 1, 1958, 8, 54, 4, '1', '1', '182', 0, 'Diamanter, droger, guld - varje år smugglar de stora internationella ligorna gods för miljontals kronor. Smuggling har blivit en omfattande näringsgren med mördande konkurrens ligorna emellan.\r\n\r\nBiggles får tillsammans med sina kamrater Ginger, Algy och Bertie i uppdrag att reda ut ett modernt sjöröveri i Indiska Oceanen. Han är redan på förhand medveten om att det ligger mer bakom prejningen och plundringen av fartyget Shima än dess ägare, Mr Tidore, uppgivit för att få ut försäkringen. Sjöröveriet måste stå i samband med smuggling.\r\n\r\nBiggles uppgift att avslöja smugglarligan försvåras av de enorma avstånden, och när han väl lyckats lokalisera smugglarnas högkvarter till en liten ö i ögruppen Nikobarerna, är det bara början till ett av hans mest farofyllda och spännande äventyr.');
INSERT INTO `Böcker` (`BokID`, `TitelID`, `FörfattareID`, `SVFörlag`, `SV1upplaga`, `ÖversättareID`, `RevÖversättareID`, `IllustratörID`, `DennaUpplaga`, `AntalUpplagor`, `RyggNr`, `Konvelut`, `Handling`) VALUES (116, 67, 1, 5, 1977, 25, 54, 2, '1', '1', '1974/1975', 0, 'x');
INSERT INTO `Böcker` (`BokID`, `TitelID`, `FörfattareID`, `SVFörlag`, `SV1upplaga`, `ÖversättareID`, `RevÖversättareID`, `IllustratörID`, `DennaUpplaga`, `AntalUpplagor`, `RyggNr`, `Konvelut`, `Handling`) VALUES (117, 68, 1, 5, 1973, 17, 54, 2, '1', '4, 1979', '1736/1737', 0, 'På det brittiska flygministeriet är man minst sagt orolig. Ett flygplan som inte kan identifieras har uppmärksammats på radarskärmarna. Planet är mörklagt och ingen vet varifrån det kommer. Biggles blir den som får i uppdrag att lösa mysteriet med den mystiske spökflygaren.');
INSERT INTO `Böcker` (`BokID`, `TitelID`, `FörfattareID`, `SVFörlag`, `SV1upplaga`, `ÖversättareID`, `RevÖversättareID`, `IllustratörID`, `DennaUpplaga`, `AntalUpplagor`, `RyggNr`, `Konvelut`, `Handling`) VALUES (118, 69, 1, 1, 1954, 12, 54, 18, '1', '1', '120', 0, 'En ny Biggles-bok med Biggles i en ny roll - som flygande detektiv!\r\n\r\nEfter kriget har general Raymonds specialflygkommando överförts till Scotland Yard och bildar där ett slags flygande detektivkår. Biggles har utnämnts till detektivkommisarie och blir snart en oersättlig kraft på Scotland Yard. Han har varit runt och krigat på de flesta ställen i världen och är van att fatta snabba beslut utan att tänka på den egna risken.\r\n\r\nNär Agra Kahns juveler försvinner under en transport i Indien, när ett mystiskt flygplan störtar i norra Scottland, när en skurkaktig plantageägare i Malaya förser ett rövarband med vapen och ammunition, kort sagt så snart det inträffar ett kvistigt kriminalfall, som fordrar ett snabbt och effektivt ingripande, får Biggles och hans vänner Algy, Ginger och Bertie rycka in. Det fordras mod, rådighet och skarpsinne för att rå på de internationella brottslingar, som han får i uppdrag att oskadliggöra, egenskaper som Biggles redan tidigare visat otaliga prov på.\r\n\r\nFrågan är om man någonsin förr följt hans äventyr med större intresse och spänning än i dessa historier om hans farofyllda och dramatiska arbete som flygande detektiv.');
INSERT INTO `Böcker` (`BokID`, `TitelID`, `FörfattareID`, `SVFörlag`, `SV1upplaga`, `ÖversättareID`, `RevÖversättareID`, `IllustratörID`, `DennaUpplaga`, `AntalUpplagor`, `RyggNr`, `Konvelut`, `Handling`) VALUES (119, 69, 1, 5, 1972, 37, 54, 2, '1', '3, 1979', '1678/1679', 0, 'Fullmånen kastade sitt vita sken över djungeln och den tomma landningsbanan. Natten tycktes släpa sig gram för Biggles och Ginger, som orörliga satt och stirrade mot hangaren.\r\nPlötsligt ryckte Biggles till. Ljuset från en ficklampa började långsamt röra sig framför dem.\r\n- Nu har vi dem snart, viskade Biggles. Följ efter mej!');
INSERT INTO `Böcker` (`BokID`, `TitelID`, `FörfattareID`, `SVFörlag`, `SV1upplaga`, `ÖversättareID`, `RevÖversättareID`, `IllustratörID`, `DennaUpplaga`, `AntalUpplagor`, `RyggNr`, `Konvelut`, `Handling`) VALUES (120, 70, 1, 5, 1956, 39, 54, 3, '1', '4, 1984', '843/844', 0, 'x');
INSERT INTO `Böcker` (`BokID`, `TitelID`, `FörfattareID`, `SVFörlag`, `SV1upplaga`, `ÖversättareID`, `RevÖversättareID`, `IllustratörID`, `DennaUpplaga`, `AntalUpplagor`, `RyggNr`, `Konvelut`, `Handling`) VALUES (121, 71, 1, 1, 1951, 12, 54, 4, '1', '28e tus, 1951', '98', 0, 'Kapten Larrymore har av en lycklig slump upptäckt en idealisk landningsplats mitt på Borneos högland. Den är omgiven av ett hundra kilometer brett bälte av orörd urskog och vild djungel, och på högsta ort inser man genast vilket utsökt bakhåll den skulle kunna bli mot japanerna som ockuperar ön. Det blir naturligtvis Biggles som med sina gamla kumpaner Algy och Ginger får i uppdrag att förlägga sitt jaktflygförband där. Kapten Larrymore deltar som kontaktman med infödingarna, och vid de halsbrytande operationer som i raskt tempo avlöser varandra under Biggles suveräna ledarskap är hövdingen Suba och hans män de bästa tänkbara vapenbröder.\r\n\r\nTack vare de snabba och pålitliga Beaufighterplanen och punankrigarnas trumtelegraf och förgiftade pilar slutför det lilla förbandet med aldrig sviktande uppfinningsförmåga, äventyrslust och inbördes sammanhållning sitt viktiga uppdrag - att ställa till ödesdiger oreda i fiendens förbindelselinjer.\r\n\r\nBiggles infriar ånyo på ett lysande sätt de förhoppningar som både hans överordnande och hans unga läsare har vant sig vid att fästa vid honom.');
INSERT INTO `Böcker` (`BokID`, `TitelID`, `FörfattareID`, `SVFörlag`, `SV1upplaga`, `ÖversättareID`, `RevÖversättareID`, `IllustratörID`, `DennaUpplaga`, `AntalUpplagor`, `RyggNr`, `Konvelut`, `Handling`) VALUES (122, 71, 1, 5, 1971, 37, 54, 2, '1', '2, 1974', '1621/1622', 0, 'x');
INSERT INTO `Böcker` (`BokID`, `TitelID`, `FörfattareID`, `SVFörlag`, `SV1upplaga`, `ÖversättareID`, `RevÖversättareID`, `IllustratörID`, `DennaUpplaga`, `AntalUpplagor`, `RyggNr`, `Konvelut`, `Handling`) VALUES (123, 72, 1, 5, 1953, 20, 54, 3, '1', '7, 1977', '725/726', 0, 'x');
INSERT INTO `Böcker` (`BokID`, `TitelID`, `FörfattareID`, `SVFörlag`, `SV1upplaga`, `ÖversättareID`, `RevÖversättareID`, `IllustratörID`, `DennaUpplaga`, `AntalUpplagor`, `RyggNr`, `Konvelut`, `Handling`) VALUES (124, 73, 1, 5, 1978, 28, 54, 1, '1', '1', '2034/2035', 0, 'I många år hade guldet legat gömt på en av öarna i Eldslandet. Att leta reda på det tycktes vara ett rutinuppdrag. Men Biggles hade tre problem:\r\nHan visste inte var han skulle leta. Dessutom hade Eldslandet världens sämsta flygväder. Och det var tydligen fler än han som var intresserade av det där guldet…');
INSERT INTO `Böcker` (`BokID`, `TitelID`, `FörfattareID`, `SVFörlag`, `SV1upplaga`, `ÖversättareID`, `RevÖversättareID`, `IllustratörID`, `DennaUpplaga`, `AntalUpplagor`, `RyggNr`, `Konvelut`, `Handling`) VALUES (125, 74, 1, 6, 1974, 17, 54, 1, '1', '1', '167', 0, 'Från början verkade det hela rätt enkelt. En man grävde för länge sedan ner en värdefull myntsamling i sin trädgård och överlät denna samling till den engelska regeringen. Så får Biggles i uppdrag att hämta \"skatten\". Problemet är bara att det måste ske med största försiktighet nattetid. \"Skatten\" finns nämligen inte i England!');
INSERT INTO `Böcker` (`BokID`, `TitelID`, `FörfattareID`, `SVFörlag`, `SV1upplaga`, `ÖversättareID`, `RevÖversättareID`, `IllustratörID`, `DennaUpplaga`, `AntalUpplagor`, `RyggNr`, `Konvelut`, `Handling`) VALUES (126, 75, 1, 5, 1966, 5, 54, 3, '1', '4, 1987', '1336/1337', 0, 'x');
INSERT INTO `Böcker` (`BokID`, `TitelID`, `FörfattareID`, `SVFörlag`, `SV1upplaga`, `ÖversättareID`, `RevÖversättareID`, `IllustratörID`, `DennaUpplaga`, `AntalUpplagor`, `RyggNr`, `Konvelut`, `Handling`) VALUES (127, 75, 1, 5, 1966, 6, 54, 1, '3, 1975', '4, 1987', '1336/1337', 0, 'En ung man har försvunnit med sitt plan i Sahara och hans far ber Biggles och hans vänner att leta rätt på honom. Det är ingen lätt uppgift, eftersom de inte vet var de ska söka. Det enda de har att gå efter är att mannen är på jakt efter en flertusenårig grav, som han tror är full med dyrbarheter.\r\nTill att börja med måste Biggles ta reda på om mannen fortfarande är i livet. Han och hans plan kanske ligger begravda under Saharas sand.');
INSERT INTO `Böcker` (`BokID`, `TitelID`, `FörfattareID`, `SVFörlag`, `SV1upplaga`, `ÖversättareID`, `RevÖversättareID`, `IllustratörID`, `DennaUpplaga`, `AntalUpplagor`, `RyggNr`, `Konvelut`, `Handling`) VALUES (128, 76, 1, 6, 1971, 2, 54, 2, '1', '1', '60', 0, 'Biggles, den berömde flygande polisen, får ett nytt och spännande uppdrag. Men det är ett farligt jobb han åtar sig, och han måste flyga om natten, med släckta ljus. Hans motståndare är gamla erfarna rävar, som inte skyr några medel…');
INSERT INTO `Böcker` (`BokID`, `TitelID`, `FörfattareID`, `SVFörlag`, `SV1upplaga`, `ÖversättareID`, `RevÖversättareID`, `IllustratörID`, `DennaUpplaga`, `AntalUpplagor`, `RyggNr`, `Konvelut`, `Handling`) VALUES (129, 77, 1, 6, 1972, 2, 54, 2, '1', '1', '88', 0, 'Biggles får ett nytt fall att reda ut. En ung pojke har just blivit frigiven från fängelset, sedan han stulit ett plan och flugit det från England till Frankrike. Nu ber han Biggles om hjälp att få tag i mannen som lurat honom att stjäla planet. En man med ett inte alltför rent samvete…');
INSERT INTO `Böcker` (`BokID`, `TitelID`, `FörfattareID`, `SVFörlag`, `SV1upplaga`, `ÖversättareID`, `RevÖversättareID`, `IllustratörID`, `DennaUpplaga`, `AntalUpplagor`, `RyggNr`, `Konvelut`, `Handling`) VALUES (130, 126, 1, 6, 1971, 2, 54, 2, '1', '1', '77', 0, 'En Boeing B-17 flyger omkring på nätterna utan varningslampor och skrämmer slag på trafikpiloterna. För alla vet ju att just det planet störtade under kriget med hela sin besättning. Biggles, den kände flygande polisen, får i uppdrag att ge sig ut på jakt efter spökplanet.');
INSERT INTO `Böcker` (`BokID`, `TitelID`, `FörfattareID`, `SVFörlag`, `SV1upplaga`, `ÖversättareID`, `RevÖversättareID`, `IllustratörID`, `DennaUpplaga`, `AntalUpplagor`, `RyggNr`, `Konvelut`, `Handling`) VALUES (131, 78, 1, 5, 1949, 15, 54, 3, '1', '11, 1987', '578/579', 0, 'x');
INSERT INTO `Böcker` (`BokID`, `TitelID`, `FörfattareID`, `SVFörlag`, `SV1upplaga`, `ÖversättareID`, `RevÖversättareID`, `IllustratörID`, `DennaUpplaga`, `AntalUpplagor`, `RyggNr`, `Konvelut`, `Handling`) VALUES (132, 79, 1, 1, 1942, 13, 54, 4, '1', '19e tus, 1949', '24/25', 0, 'x');
INSERT INTO `Böcker` (`BokID`, `TitelID`, `FörfattareID`, `SVFörlag`, `SV1upplaga`, `ÖversättareID`, `RevÖversättareID`, `IllustratörID`, `DennaUpplaga`, `AntalUpplagor`, `RyggNr`, `Konvelut`, `Handling`) VALUES (133, 79, 1, 2, 1974, 13, 54, 6, '1', '1', 'x', 0, 'x');
INSERT INTO `Böcker` (`BokID`, `TitelID`, `FörfattareID`, `SVFörlag`, `SV1upplaga`, `ÖversättareID`, `RevÖversättareID`, `IllustratörID`, `DennaUpplaga`, `AntalUpplagor`, `RyggNr`, `Konvelut`, `Handling`) VALUES (134, 79, 1, 3, 1981, 19, 54, 9, '1', '1', 'x', 0, 'x');
INSERT INTO `Böcker` (`BokID`, `TitelID`, `FörfattareID`, `SVFörlag`, `SV1upplaga`, `ÖversättareID`, `RevÖversättareID`, `IllustratörID`, `DennaUpplaga`, `AntalUpplagor`, `RyggNr`, `Konvelut`, `Handling`) VALUES (135, 80, 1, 5, 1947, 15, 54, 17, '1', '10, 1987', '510/511', 0, 'Kriget är slut och Biggles och hans gäng vet inte vad de ska ta sig för. Så får de ett erbjudande att undersöka några mystiska flygolyckor vid vilka stora värden spårlöst försvunnit. De tar chansen och det för dem in i ett fantastiskt äventyr, som börjar i flygplansfabrik i Tyskland och sedan leder dem vidare till en oas i Sahara där de råkar på en motståndare med en okänd flyguppfinning.\r\nI sin kända, lätta stil berättar författaren om hur Biggles snabbt och effektivt inringar en farlig förbrytarliga. Varje sida är fylld med spänning och det visar sig vara ett hårt jobb att rensa luften från dessa samhällets fiender. Biggles är altlid spännande och pojkarnas favorit.\r\n(Pappersomslag)');
INSERT INTO `Böcker` (`BokID`, `TitelID`, `FörfattareID`, `SVFörlag`, `SV1upplaga`, `ÖversättareID`, `RevÖversättareID`, `IllustratörID`, `DennaUpplaga`, `AntalUpplagor`, `RyggNr`, `Konvelut`, `Handling`) VALUES (136, 125, 1, 5, 1946, 15, 54, 4, '1', '8, 1979', '464/465', 0, 'x');
INSERT INTO `Böcker` (`BokID`, `TitelID`, `FörfattareID`, `SVFörlag`, `SV1upplaga`, `ÖversättareID`, `RevÖversättareID`, `IllustratörID`, `DennaUpplaga`, `AntalUpplagor`, `RyggNr`, `Konvelut`, `Handling`) VALUES (137, 81, 1, 5, 1951, 15, 54, 3, '1', '7, 1987', '622', 0, 'x');
INSERT INTO `Böcker` (`BokID`, `TitelID`, `FörfattareID`, `SVFörlag`, `SV1upplaga`, `ÖversättareID`, `RevÖversättareID`, `IllustratörID`, `DennaUpplaga`, `AntalUpplagor`, `RyggNr`, `Konvelut`, `Handling`) VALUES (138, 82, 1, 5, 1957, 39, 54, 6, '1', '5, 1980', '894/895', 0, 'x');
INSERT INTO `Böcker` (`BokID`, `TitelID`, `FörfattareID`, `SVFörlag`, `SV1upplaga`, `ÖversättareID`, `RevÖversättareID`, `IllustratörID`, `DennaUpplaga`, `AntalUpplagor`, `RyggNr`, `Konvelut`, `Handling`) VALUES (139, 82, 1, 5, 1957, 22, 54, 1, '5, 1980', '5, 1980', '894/895', 0, 'Plötsligt hördes ett gevärsskott. Kulor piskade upp vatten omkring gummiflotten.\r\n- Det kunde ha varit värre, sa Biggles.\r\nMen innerst inne var han inte lika säker. Han visste att det bara behövdes en enda kula för att sänka den luftfyllda flotten.\r\n- Håll utkik efter planet, sa han.\r\nI samma ögonblick träffades flotten och luften började väsa ut.');
INSERT INTO `Böcker` (`BokID`, `TitelID`, `FörfattareID`, `SVFörlag`, `SV1upplaga`, `ÖversättareID`, `RevÖversättareID`, `IllustratörID`, `DennaUpplaga`, `AntalUpplagor`, `RyggNr`, `Konvelut`, `Handling`) VALUES (140, 86, 1, 5, 1940, 29, 54, 11, '1', '12, 1992', '304', 0, 'x');
INSERT INTO `Böcker` (`BokID`, `TitelID`, `FörfattareID`, `SVFörlag`, `SV1upplaga`, `ÖversättareID`, `RevÖversättareID`, `IllustratörID`, `DennaUpplaga`, `AntalUpplagor`, `RyggNr`, `Konvelut`, `Handling`) VALUES (141, 86, 1, 5, 1940, 31, 54, 2, '10, 1974', '12, 1992', '304', 0, 'x');
INSERT INTO `Böcker` (`BokID`, `TitelID`, `FörfattareID`, `SVFörlag`, `SV1upplaga`, `ÖversättareID`, `RevÖversättareID`, `IllustratörID`, `DennaUpplaga`, `AntalUpplagor`, `RyggNr`, `Konvelut`, `Handling`) VALUES (142, 83, 1, 5, 1956, 36, 54, 3, '1', '4, 1975', '815', 0, 'x');
INSERT INTO `Böcker` (`BokID`, `TitelID`, `FörfattareID`, `SVFörlag`, `SV1upplaga`, `ÖversättareID`, `RevÖversättareID`, `IllustratörID`, `DennaUpplaga`, `AntalUpplagor`, `RyggNr`, `Konvelut`, `Handling`) VALUES (143, 83, 1, 5, 1956, 5, 54, 2, '3, 1972', '4, 1975', '815', 0, 'x');
INSERT INTO `Böcker` (`BokID`, `TitelID`, `FörfattareID`, `SVFörlag`, `SV1upplaga`, `ÖversättareID`, `RevÖversättareID`, `IllustratörID`, `DennaUpplaga`, `AntalUpplagor`, `RyggNr`, `Konvelut`, `Handling`) VALUES (144, 84, 1, 6, 1970, 2, 54, 2, '1', '1', '47', 0, 'Under en flygtur i sin Camel får Biggles en brevduva mitt i ansiktet. Kring brevduvans ben sitter en liten hylsa som innehåller ett brev med en hemlig kod!\r\nSå börjar den spännande berättelsen om hur Biggles lyckas rädda en engelsk spion från en säker död…');
INSERT INTO `Böcker` (`BokID`, `TitelID`, `FörfattareID`, `SVFörlag`, `SV1upplaga`, `ÖversättareID`, `RevÖversättareID`, `IllustratörID`, `DennaUpplaga`, `AntalUpplagor`, `RyggNr`, `Konvelut`, `Handling`) VALUES (145, 85, 1, 5, 1941, 29, 54, 17, '1', '10, 1992', '330', 0, 'x');
INSERT INTO `Böcker` (`BokID`, `TitelID`, `FörfattareID`, `SVFörlag`, `SV1upplaga`, `ÖversättareID`, `RevÖversättareID`, `IllustratörID`, `DennaUpplaga`, `AntalUpplagor`, `RyggNr`, `Konvelut`, `Handling`) VALUES (146, 85, 1, 5, 1941, 16, 54, 17, '8, 1969', '10, 1992', '330', 0, 'x');
INSERT INTO `Böcker` (`BokID`, `TitelID`, `FörfattareID`, `SVFörlag`, `SV1upplaga`, `ÖversättareID`, `RevÖversättareID`, `IllustratörID`, `DennaUpplaga`, `AntalUpplagor`, `RyggNr`, `Konvelut`, `Handling`) VALUES (147, 101, 1, 1, 1954, 8, 54, 4, '1', '21a tus, 1955', '126', 0, '\"Först och främst skall vi prata lite grand om öar.\" Så började general Raymond, chefen för Scotland Yard speciella flygbyrå, ett samtal med sin närmaste man, den oförvägne och oförbrännelige Biggles. Och det blev ett samtal som Biggles inte skulle glömma i brådrasket. För på de obebodda öar i Indiska oceanen, som general Raymond ville tala om, där hände det mystiska saker. Där dök det upp u-båtar av \"okänd nationalitet\". Där växte det upp en oroshärd som det engelska underrättelseväsendet inte alls tyckte om.\r\n\r\nDet blev Biggles uppgift att tillsammans med Ginger och Algy hålla ett öga på de mystiska öarna, ta ett nappatag med de skumma inkräktarna och med list och djärvhet sätta stop för fiendernas planer.');
INSERT INTO `Böcker` (`BokID`, `TitelID`, `FörfattareID`, `SVFörlag`, `SV1upplaga`, `ÖversättareID`, `RevÖversättareID`, `IllustratörID`, `DennaUpplaga`, `AntalUpplagor`, `RyggNr`, `Konvelut`, `Handling`) VALUES (148, 101, 1, 5, 1976, 25, 54, 2, '1', '3, 1976', '1912/1913', 0, 'I Indiska oceanen finns tusentals otillgängliga öar. Få är bebodda och många fortfarande ganska okända. Av olika anledningar blir öarna plötsligt uppmärksammade och Biggles får i uppdrag att spana efter inkräktare. Men detta rutinjobb visar sig bli mer spännande än han någonsin anat…');
INSERT INTO `Böcker` (`BokID`, `TitelID`, `FörfattareID`, `SVFörlag`, `SV1upplaga`, `ÖversättareID`, `RevÖversättareID`, `IllustratörID`, `DennaUpplaga`, `AntalUpplagor`, `RyggNr`, `Konvelut`, `Handling`) VALUES (150, 4, 1, 5, 1962, 10, 54, 1, '3', '3, 1977', '1131/1132', 0, 'x');
INSERT INTO `Böcker` (`BokID`, `TitelID`, `FörfattareID`, `SVFörlag`, `SV1upplaga`, `ÖversättareID`, `RevÖversättareID`, `IllustratörID`, `DennaUpplaga`, `AntalUpplagor`, `RyggNr`, `Konvelut`, `Handling`) VALUES (151, 7, 1, 5, 1948, 16, 54, 2, '8, 1979', '8, 1979', '519', 0, 'Biggles flög vidare strax ovanför trädtopparna, ibland till och med mellan dem. Sedan dånade de fram över ängar och sädesfält.\r\nPeter började förstå varför flygarna brukade kalla den här sortens flygning för\r\nhinderlöpning - men med flygplan istället för häst.');
INSERT INTO `Böcker` (`BokID`, `TitelID`, `FörfattareID`, `SVFörlag`, `SV1upplaga`, `ÖversättareID`, `RevÖversättareID`, `IllustratörID`, `DennaUpplaga`, `AntalUpplagor`, `RyggNr`, `Konvelut`, `Handling`) VALUES (152, 13, 1, 5, 1965, 23, 54, 2, '5, 1975', '5, 1975', '1286/1287', 0, 'x');
INSERT INTO `Böcker` (`BokID`, `TitelID`, `FörfattareID`, `SVFörlag`, `SV1upplaga`, `ÖversättareID`, `RevÖversättareID`, `IllustratörID`, `DennaUpplaga`, `AntalUpplagor`, `RyggNr`, `Konvelut`, `Handling`) VALUES (154, 42, 1, 5, 1984, 42, 54, 1, '1', '1', '2359', 0, 'Biggles och Algy stirrade bestörta på det konstiga rödbruna molnet, som snabbt rörde sig mot dem.\r\n- Se upp! Skrek Algy. Det lever!\r\nI nästa ögonblick träffade en väldig svärm stora insekter planets vindruta och krossades till en smetig sörja, som sögs in genom planets luftintag. De ströp gasen, men plötsligt började planet förlora höjd.\r\nBiggles och Algy förberedde sig på en kraschlandning - det fanns inget annat de kunde göra.');
INSERT INTO `Böcker` (`BokID`, `TitelID`, `FörfattareID`, `SVFörlag`, `SV1upplaga`, `ÖversättareID`, `RevÖversättareID`, `IllustratörID`, `DennaUpplaga`, `AntalUpplagor`, `RyggNr`, `Konvelut`, `Handling`) VALUES (155, 31, 1, 5, 1958, 4, 54, 2, '3, 1974', '5, 1992', '904/905', 0, 'x');
INSERT INTO `Böcker` (`BokID`, `TitelID`, `FörfattareID`, `SVFörlag`, `SV1upplaga`, `ÖversättareID`, `RevÖversättareID`, `IllustratörID`, `DennaUpplaga`, `AntalUpplagor`, `RyggNr`, `Konvelut`, `Handling`) VALUES (156, 34, 1, 5, 1989, 33, 54, 1, '1', '1', '2499', 0, 'I Tibet finns Ljusets berg, ett mystiskt berg som sägs ha magiska egenskaper. Första gången professor Bigglesworth försöker utforska bergets hemlighet måste han fly därifrån hals över huvud. - Men han beslutar sig för att försöka ännu en gång, denna gång med hjälp av sin brorson Biggles och hans vänner. Expeditionen ger sig av till Tibet. Ska de lyckas överlista bergets väktare, chungerna, och avslöja deras ohyggliga plan?');
INSERT INTO `Böcker` (`BokID`, `TitelID`, `FörfattareID`, `SVFörlag`, `SV1upplaga`, `ÖversättareID`, `RevÖversättareID`, `IllustratörID`, `DennaUpplaga`, `AntalUpplagor`, `RyggNr`, `Konvelut`, `Handling`) VALUES (157, 43, 1, 5, 1960, 36, 54, 2, '3, 1968', '4, 1973', '1040/1041', 0, 'x');
INSERT INTO `Böcker` (`BokID`, `TitelID`, `FörfattareID`, `SVFörlag`, `SV1upplaga`, `ÖversättareID`, `RevÖversättareID`, `IllustratörID`, `DennaUpplaga`, `AntalUpplagor`, `RyggNr`, `Konvelut`, `Handling`) VALUES (158, 45, 1, 5, 1963, 11, 54, 2, '2, 1972', '4, 1987', '1181/1182', 0, '- Om det här går på tok kommer regeringen att förneka varje kännedom om saken, sa överset Raymond.\r\n- Och vi får förstås ta stötarna, sa Biggles.\r\n- Självklart. Men det här uppdraget måste vi klara. Det är ett av de känsligaste vi har fått.\r\n- Vad är det? Spionage?\r\n- Nej. Utpressning.\r\n- Vem utövar utpressning mot vem?\r\n- En vid namn Neckel - mot England!\r\n(4, 1987)');
INSERT INTO `Böcker` (`BokID`, `TitelID`, `FörfattareID`, `SVFörlag`, `SV1upplaga`, `ÖversättareID`, `RevÖversättareID`, `IllustratörID`, `DennaUpplaga`, `AntalUpplagor`, `RyggNr`, `Konvelut`, `Handling`) VALUES (159, 128, 1, 5, 1983, 42, 54, 1, '1', '1', '2322/2323', 0, 'Äntligen var de framme vid målet, sprickan som formade ingångne till grottan. Oändligt försiktigt, utan att nudda någon sten, kröp de in i grottan. Några sekunder senare kunde de tända ficklampan och för första gången se sig ordentligt omkring.\r\nMen plötsligt hördes ett ras av stenar, och ljuset som sipprat in genom öppningen försvann tvärt! De var levande begravda!');
INSERT INTO `Böcker` (`BokID`, `TitelID`, `FörfattareID`, `SVFörlag`, `SV1upplaga`, `ÖversättareID`, `RevÖversättareID`, `IllustratörID`, `DennaUpplaga`, `AntalUpplagor`, `RyggNr`, `Konvelut`, `Handling`) VALUES (160, 48, 1, 5, 1964, 7, 54, 3, '3, 1974', '4, 1979', '1197/1198', 0, '- Himmel! Hela ön brinner! Ropade Biggles och hostade.\r\nGinger kom rusande\r\n- Fort! flåsade han. Elden kommer rakt emot oss. Ingenting kan hejda den.\r\n- Ta så mycket ni kan bära och stick ner till stranden, skrek Biggles.\r\n- Vi har bara några minuter på oss, varnade Ginger och snappade till sig kikaren och ryggsäcken.\r\n- Elden kommer att hejdas när den når fram till klipporna, sa Bertie.\r\n- Vid det laget är vi kvävda av röken, flämtade Biggles.\r\n(4, 1979)');
INSERT INTO `Böcker` (`BokID`, `TitelID`, `FörfattareID`, `SVFörlag`, `SV1upplaga`, `ÖversättareID`, `RevÖversättareID`, `IllustratörID`, `DennaUpplaga`, `AntalUpplagor`, `RyggNr`, `Konvelut`, `Handling`) VALUES (161, 50, 1, 5, 1962, 3, 54, 10, '3, 1973', '4, 1979', '1093/1094', 0, 'x');
INSERT INTO `Böcker` (`BokID`, `TitelID`, `FörfattareID`, `SVFörlag`, `SV1upplaga`, `ÖversättareID`, `RevÖversättareID`, `IllustratörID`, `DennaUpplaga`, `AntalUpplagor`, `RyggNr`, `Konvelut`, `Handling`) VALUES (162, 56, 1, 5, 1968, 5, 54, 2, '4, 1975', '5, 1987', '1453/1454', 0, 'Biggles kompanjon Algy är utskickad till Terai på jakt efter ett guldsmugglargäng. Men Terai är en otäck trakt, ett fullkomligt ogenomträngligt djungelbälte mellan Nepal och Indien. Där försvinner Algy spårlöst - tills Biggles griper in och finkammar djungeln från luften. Men det är ingen riskfri uppgift.\r\n(5, 1987)');
INSERT INTO `Böcker` (`BokID`, `TitelID`, `FörfattareID`, `SVFörlag`, `SV1upplaga`, `ÖversättareID`, `RevÖversättareID`, `IllustratörID`, `DennaUpplaga`, `AntalUpplagor`, `RyggNr`, `Konvelut`, `Handling`) VALUES (163, 58, 1, 5, 1965, 23, 54, 3, '2, 1973', '2, 1973', '1247/1248', 0, 'x');
INSERT INTO `Böcker` (`BokID`, `TitelID`, `FörfattareID`, `SVFörlag`, `SV1upplaga`, `ÖversättareID`, `RevÖversättareID`, `IllustratörID`, `DennaUpplaga`, `AntalUpplagor`, `RyggNr`, `Konvelut`, `Handling`) VALUES (164, 60, 1, 5, 1985, 46, 54, 1, '1', '1', '2393', 0, 'Biggles kände en lätt knuff när Algy hoppade ut och han gav planet mera gas för att kunna styra lättare.\r\nI förbifarten såg han en skymt av fallskärmen när den slog ut, men han hade inte tid att titta på den tills den kom ner. Han var fullt uppptagen med att hålla sig undan den farliga klippväggen.\r\nBara det inte kom en sidvind som förde Algy utanför hyllans kant!');
INSERT INTO `Böcker` (`BokID`, `TitelID`, `FörfattareID`, `SVFörlag`, `SV1upplaga`, `ÖversättareID`, `RevÖversättareID`, `IllustratörID`, `DennaUpplaga`, `AntalUpplagor`, `RyggNr`, `Konvelut`, `Handling`) VALUES (165, 62, 1, 5, 1988, 42, 54, 1, '1', '1', '2469', 0, 'Biggles lutade sig framåt och stirrade. Utan att röra gasreglaget svängde han planet åt sidan så det hamnade mellan ön och solen.\r\nNär han hade bergstoppen mellan planet och byn påbörjade han en serie S-svängar för att få planet att tappa höjd.\r\n- Nu landar vi, sade han bryskt. Håll ögonen öppna och varna mig om det finns hus i närheten. Vi får inte bli sedda…');
INSERT INTO `Böcker` (`BokID`, `TitelID`, `FörfattareID`, `SVFörlag`, `SV1upplaga`, `ÖversättareID`, `RevÖversättareID`, `IllustratörID`, `DennaUpplaga`, `AntalUpplagor`, `RyggNr`, `Konvelut`, `Handling`) VALUES (166, 63, 1, 5, 1952, 20, 54, 1, '6, 1975', '7, 1981', '684/685', 0, '- Det verkar, sa Biggles till sina vänner Algy, Ginger och Bertie, som om en del av de stora kupperna på senaste tiden varit upplagda mera som krigsföretag. Till och med flyget har varit med på ett hörn. De forna landvägsrövarna har blivit luftrövare i stor stil. Stråtrövarna har blivit molnrövare!');
INSERT INTO `Böcker` (`BokID`, `TitelID`, `FörfattareID`, `SVFörlag`, `SV1upplaga`, `ÖversättareID`, `RevÖversättareID`, `IllustratörID`, `DennaUpplaga`, `AntalUpplagor`, `RyggNr`, `Konvelut`, `Handling`) VALUES (167, 70, 1, 5, 1956, 22, 54, 1, '4, 1984', '4, 1984', '843/844', 0, 'Biggles betraktade tidningsbilden som överste Raymond höll fram. Den visade en grupp män på en lång sandstrand i Australien. En av dem var spionen Erich von Stalhein.\r\n- De påstår att de håller på med djuphavsforskning, sa Raymond. Men det väl du också svårt att föreställa dig? Bäst att undersöka saken.');
INSERT INTO `Böcker` (`BokID`, `TitelID`, `FörfattareID`, `SVFörlag`, `SV1upplaga`, `ÖversättareID`, `RevÖversättareID`, `IllustratörID`, `DennaUpplaga`, `AntalUpplagor`, `RyggNr`, `Konvelut`, `Handling`) VALUES (168, 78, 1, 5, 1949, 15, 54, 2, '8, 1968', '11, 1987', '578/579', 0, 'x');
INSERT INTO `Böcker` (`BokID`, `TitelID`, `FörfattareID`, `SVFörlag`, `SV1upplaga`, `ÖversättareID`, `RevÖversättareID`, `IllustratörID`, `DennaUpplaga`, `AntalUpplagor`, `RyggNr`, `Konvelut`, `Handling`) VALUES (169, 80, 1, 5, 1947, 1, 54, 1, '9, 1978', '10, 1987', '510/511', 0, 'När Biggles och hans kamrater står utan jobb vid krigsslutet, inträffar en mängd mystiska juvelstölder runt om i världen. Det enda man vet är att tjuvarna använder sig av flygplan. Biggles får genast i uppdrag av Scotland Yard att finna ligan, men det visar sig svårare än väntat. Tjuvarna är inte bara skickliga flygare - de är även samvetslösa mördare…');
INSERT INTO `Böcker` (`BokID`, `TitelID`, `FörfattareID`, `SVFörlag`, `SV1upplaga`, `ÖversättareID`, `RevÖversättareID`, `IllustratörID`, `DennaUpplaga`, `AntalUpplagor`, `RyggNr`, `Konvelut`, `Handling`) VALUES (170, 84, 1, 7, 1977, 2, 54, 2, '1', '1', '6', 0, 'Under en flygtur i sin Camel kolliderar Biggles med en duva. Kring duvans ben sitter en liten hylsa som innehåller en pappersremsa med en massa siffror och bokstäver. Han förstår att det rör sig om en hemlig kod. Biggles inser genast att han måste kontakta underrättelsetjänsten.');
INSERT INTO `Böcker` (`BokID`, `TitelID`, `FörfattareID`, `SVFörlag`, `SV1upplaga`, `ÖversättareID`, `RevÖversättareID`, `IllustratörID`, `DennaUpplaga`, `AntalUpplagor`, `RyggNr`, `Konvelut`, `Handling`) VALUES (171, 106, 3, 10, 1977, 54, 54, 6, '1', '1', '1', 0, 'x');
INSERT INTO `Böcker` (`BokID`, `TitelID`, `FörfattareID`, `SVFörlag`, `SV1upplaga`, `ÖversättareID`, `RevÖversättareID`, `IllustratörID`, `DennaUpplaga`, `AntalUpplagor`, `RyggNr`, `Konvelut`, `Handling`) VALUES (172, 102, 3, 10, 1978, 54, 54, 6, '1', '2, 1978', '2', 0, 'x');
INSERT INTO `Böcker` (`BokID`, `TitelID`, `FörfattareID`, `SVFörlag`, `SV1upplaga`, `ÖversättareID`, `RevÖversättareID`, `IllustratörID`, `DennaUpplaga`, `AntalUpplagor`, `RyggNr`, `Konvelut`, `Handling`) VALUES (173, 100, 3, 10, 1978, 54, 54, 6, '1', '1', '3', 0, 'x');
INSERT INTO `Böcker` (`BokID`, `TitelID`, `FörfattareID`, `SVFörlag`, `SV1upplaga`, `ÖversättareID`, `RevÖversättareID`, `IllustratörID`, `DennaUpplaga`, `AntalUpplagor`, `RyggNr`, `Konvelut`, `Handling`) VALUES (174, 89, 3, 10, 1979, 54, 54, 6, '1', '1', '4', 0, 'x');
INSERT INTO `Böcker` (`BokID`, `TitelID`, `FörfattareID`, `SVFörlag`, `SV1upplaga`, `ÖversättareID`, `RevÖversättareID`, `IllustratörID`, `DennaUpplaga`, `AntalUpplagor`, `RyggNr`, `Konvelut`, `Handling`) VALUES (175, 88, 4, 10, 1983, 54, 54, 15, '1', '1', '6', 0, 'x');
INSERT INTO `Böcker` (`BokID`, `TitelID`, `FörfattareID`, `SVFörlag`, `SV1upplaga`, `ÖversättareID`, `RevÖversättareID`, `IllustratörID`, `DennaUpplaga`, `AntalUpplagor`, `RyggNr`, `Konvelut`, `Handling`) VALUES (176, 87, 4, 10, 1984, 54, 54, 15, '1', '1', '7', 0, 'x');
INSERT INTO `Böcker` (`BokID`, `TitelID`, `FörfattareID`, `SVFörlag`, `SV1upplaga`, `ÖversättareID`, `RevÖversättareID`, `IllustratörID`, `DennaUpplaga`, `AntalUpplagor`, `RyggNr`, `Konvelut`, `Handling`) VALUES (177, 129, 1, 11, 1980, 44, 54, 4, '1', '1', 'x', 0, 'x');
INSERT INTO `Böcker` (`BokID`, `TitelID`, `FörfattareID`, `SVFörlag`, `SV1upplaga`, `ÖversättareID`, `RevÖversättareID`, `IllustratörID`, `DennaUpplaga`, `AntalUpplagor`, `RyggNr`, `Konvelut`, `Handling`) VALUES (178, 130, 4, 10, 1983, 54, 54, 15, '1', '1', '5', 0, 'x');
INSERT INTO `Böcker` (`BokID`, `TitelID`, `FörfattareID`, `SVFörlag`, `SV1upplaga`, `ÖversättareID`, `RevÖversättareID`, `IllustratörID`, `DennaUpplaga`, `AntalUpplagor`, `RyggNr`, `Konvelut`, `Handling`) VALUES (179, 125, 1, 5, 1946, 15, 54, 2, '7, 1973', '8, 1979', '464/465', 0, 'Ginger strövade ensam bort längs den smala djungelstigen. Plötsligt fick han syn på något som sände kalla kårar efter ryggen på honom. Det var ett ansikte.\r\nFörst var han inte alls säker på att det var ett ansikte. Men det såg ut som ett ansikte, en mans ansikte, som stirrade på honom, inte i manshöjd utan nerifrån marken som om karlen kröp eller låg där. Det var hemskt och fyllt av hat.\r\nVarför skulle mannen - om det nu var en man - ligga hopkrupen och stirra på honom på det viset?\r\n(8, 1979)');
INSERT INTO `Böcker` (`BokID`, `TitelID`, `FörfattareID`, `SVFörlag`, `SV1upplaga`, `ÖversättareID`, `RevÖversättareID`, `IllustratörID`, `DennaUpplaga`, `AntalUpplagor`, `RyggNr`, `Konvelut`, `Handling`) VALUES (180, 32, 1, 12, 1984, 2, 54, 16, '1', '1', 'x', 0, 'Biggles träffar av en tillfällighet på en gammal vän, som är hemma i England bara för att skaffa pengar.\r\nSandy, som vännen heter, har varit en längre tid i Söderhavet och där har han funnit en pärlbank. Nu vill han göra en expedition dit för att fiska upp pärlorna, men då behöver han pengar.\r\nBiggles nappar naturligtvis på förslaget och beger sig med sin vän till Söderhavet.');
INSERT INTO `Böcker` (`BokID`, `TitelID`, `FörfattareID`, `SVFörlag`, `SV1upplaga`, `ÖversättareID`, `RevÖversättareID`, `IllustratörID`, `DennaUpplaga`, `AntalUpplagor`, `RyggNr`, `Konvelut`, `Handling`) VALUES (181, 3, 1, 5, 1967, 11, 54, 7, '4', '5, 1980', '1355/1389', 0, 'x');
INSERT INTO `Böcker` (`BokID`, `TitelID`, `FörfattareID`, `SVFörlag`, `SV1upplaga`, `ÖversättareID`, `RevÖversättareID`, `IllustratörID`, `DennaUpplaga`, `AntalUpplagor`, `RyggNr`, `Konvelut`, `Handling`) VALUES (182, 120, 1, 5, 1964, 21, 54, 2, '3, 1973', '5, 1981', '1235/1236', 0, 'x');
INSERT INTO `Böcker` (`BokID`, `TitelID`, `FörfattareID`, `SVFörlag`, `SV1upplaga`, `ÖversättareID`, `RevÖversättareID`, `IllustratörID`, `DennaUpplaga`, `AntalUpplagor`, `RyggNr`, `Konvelut`, `Handling`) VALUES (183, 22, 1, 5, 1992, 8, 54, 1, '1', '1', '2590', 0, 'x');
INSERT INTO `Böcker` (`BokID`, `TitelID`, `FörfattareID`, `SVFörlag`, `SV1upplaga`, `ÖversättareID`, `RevÖversättareID`, `IllustratörID`, `DennaUpplaga`, `AntalUpplagor`, `RyggNr`, `Konvelut`, `Handling`) VALUES (184, 40, 1, 5, 1951, 41, 54, 1, '8, 1977', '8, 1977', '648/649', 0, 'x');
INSERT INTO `Böcker` (`BokID`, `TitelID`, `FörfattareID`, `SVFörlag`, `SV1upplaga`, `ÖversättareID`, `RevÖversättareID`, `IllustratörID`, `DennaUpplaga`, `AntalUpplagor`, `RyggNr`, `Konvelut`, `Handling`) VALUES (185, 123, 1, 5, 1963, 35, 54, 2, '2, 1970', '4, 1981', '1147/1148', 0, 'x');
INSERT INTO `Böcker` (`BokID`, `TitelID`, `FörfattareID`, `SVFörlag`, `SV1upplaga`, `ÖversättareID`, `RevÖversättareID`, `IllustratörID`, `DennaUpplaga`, `AntalUpplagor`, `RyggNr`, `Konvelut`, `Handling`) VALUES (186, 57, 1, 5, 1957, 47, 54, 1, '4, 1977', '4, 1977', '857', 0, 'x');
INSERT INTO `Böcker` (`BokID`, `TitelID`, `FörfattareID`, `SVFörlag`, `SV1upplaga`, `ÖversättareID`, `RevÖversättareID`, `IllustratörID`, `DennaUpplaga`, `AntalUpplagor`, `RyggNr`, `Konvelut`, `Handling`) VALUES (188, 131, 1, 5, 1987, 46, 54, 1, '1', '1', '2442', 0, 'x');
INSERT INTO `Böcker` (`BokID`, `TitelID`, `FörfattareID`, `SVFörlag`, `SV1upplaga`, `ÖversättareID`, `RevÖversättareID`, `IllustratörID`, `DennaUpplaga`, `AntalUpplagor`, `RyggNr`, `Konvelut`, `Handling`) VALUES (189, 72, 1, 5, 1953, 47, 54, 1, '7, 1977', '7, 1977', '726/726', 0, 'Biggles rörde vid Gingers ena arm och gled in i baksätet. Ginger satte sig bredvid honom. Plötsligt stelnade de till. Rösterna som närmade sig talade tyska. Och de kände igen ena rösten - den tillhörde östspionen Erich von Stahlhein!');
INSERT INTO `Böcker` (`BokID`, `TitelID`, `FörfattareID`, `SVFörlag`, `SV1upplaga`, `ÖversättareID`, `RevÖversättareID`, `IllustratörID`, `DennaUpplaga`, `AntalUpplagor`, `RyggNr`, `Konvelut`, `Handling`) VALUES (190, 81, 1, 5, 1951, 15, 54, 1, '6, 1974', '7, 1987', '622', 0, 'x');
INSERT INTO `Böcker` (`BokID`, `TitelID`, `FörfattareID`, `SVFörlag`, `SV1upplaga`, `ÖversättareID`, `RevÖversättareID`, `IllustratörID`, `DennaUpplaga`, `AntalUpplagor`, `RyggNr`, `Konvelut`, `Handling`) VALUES (191, 83, 1, 5, 1956, 5, 54, 2, '4, 1975', '4, 1975', '815', 0, 'x');
INSERT INTO `Böcker` (`BokID`, `TitelID`, `FörfattareID`, `SVFörlag`, `SV1upplaga`, `ÖversättareID`, `RevÖversättareID`, `IllustratörID`, `DennaUpplaga`, `AntalUpplagor`, `RyggNr`, `Konvelut`, `Handling`) VALUES (192, 86, 1, 5, 1940, 29, 54, 2, '9, 1967', '12, 1992', '304', 0, 'x');
INSERT INTO `Böcker` (`BokID`, `TitelID`, `FörfattareID`, `SVFörlag`, `SV1upplaga`, `ÖversättareID`, `RevÖversättareID`, `IllustratörID`, `DennaUpplaga`, `AntalUpplagor`, `RyggNr`, `Konvelut`, `Handling`) VALUES (193, 85, 1, 5, 1941, 16, 54, 1, '9, 1977', '10, 1992', '330', 0, 'x');
INSERT INTO `Böcker` (`BokID`, `TitelID`, `FörfattareID`, `SVFörlag`, `SV1upplaga`, `ÖversättareID`, `RevÖversättareID`, `IllustratörID`, `DennaUpplaga`, `AntalUpplagor`, `RyggNr`, `Konvelut`, `Handling`) VALUES (194, 62, 1, 13, 1964, 12, 54, 13, '1', '1', 'x', 0, 'Biggles och Interpol är en fartfylld äventyrsbok om Biggles och hans vänner på jakt efter en internationell smugglarliga. Det farofyllda spaningsarbetet för dem till en klosterruin på en enslig ö utanför Grekland.');
INSERT INTO `Böcker` (`BokID`, `TitelID`, `FörfattareID`, `SVFörlag`, `SV1upplaga`, `ÖversättareID`, `RevÖversättareID`, `IllustratörID`, `DennaUpplaga`, `AntalUpplagor`, `RyggNr`, `Konvelut`, `Handling`) VALUES (196, 135, 1, 5, 1946, 15, 54, 4, '1', '1', '468/469', 0, 'x');
INSERT INTO `Böcker` (`BokID`, `TitelID`, `FörfattareID`, `SVFörlag`, `SV1upplaga`, `ÖversättareID`, `RevÖversättareID`, `IllustratörID`, `DennaUpplaga`, `AntalUpplagor`, `RyggNr`, `Konvelut`, `Handling`) VALUES (197, 137, 1, 5, 1950, 15, 54, 3, '1', '2', '614/615', 0, 'Valpen svarar på en annons, som erbjuder 10.000 pund till en man, som är van att leva farligt. Hans vänner Bobby och Trappern varnar honom men Valpen söker kontakt med den mystiske annonsören, förs med förbundna ögon i en bil till en plats utanför Lonson och står plötsligt inför en pistolmynning.\r\n\r\nDetta är upptakten till en våldsamt spännande jakt efter en hänsynslös utpressarliga, som rövat bort en pojke och som spåras till ett gammalt spökslott i Vallonceau, en gudsförgäten håla i södra Frankrike. Dit kommer Valpen och hans kumpaner som \"turister\" och där får de vara med om båre roande och kusliga upplevelser. Valpen går rakt in i en farlig fälla och det hela ser ut att sluta med katastrof, då King i rätta ögonblicket griper in.');
INSERT INTO `Böcker` (`BokID`, `TitelID`, `FörfattareID`, `SVFörlag`, `SV1upplaga`, `ÖversättareID`, `RevÖversättareID`, `IllustratörID`, `DennaUpplaga`, `AntalUpplagor`, `RyggNr`, `Konvelut`, `Handling`) VALUES (198, 136, 1, 5, 1948, 15, 54, 4, '1', '2, 1949', '546/547', 0, 'King, Valpen, Bobby och Trappern kommer åter i aktiv tjänst för att avvärja ett fruktansvärt angrepp av \"varulvar\". Höga militärer och framstående politiker har fått hotelsebrev från dessa desperata förbrytare och ställ en efter en inför deras s. k. Domstolar. King och hans gäng för en förtvivlad kamp mot dessa fanatiska män, som har outtömliga resurser till sitt förfogande. Så råkar King i deras våld och döms till döden, men Valpen ingriper och de för rent hus i \"varulvsnästet\".');
INSERT INTO `Böcker` (`BokID`, `TitelID`, `FörfattareID`, `SVFörlag`, `SV1upplaga`, `ÖversättareID`, `RevÖversättareID`, `IllustratörID`, `DennaUpplaga`, `AntalUpplagor`, `RyggNr`, `Konvelut`, `Handling`) VALUES (199, 133, 1, 5, 1952, 50, 54, 3, '1', '1', '682/683', 0, 'x');
INSERT INTO `Böcker` (`BokID`, `TitelID`, `FörfattareID`, `SVFörlag`, `SV1upplaga`, `ÖversättareID`, `RevÖversättareID`, `IllustratörID`, `DennaUpplaga`, `AntalUpplagor`, `RyggNr`, `Konvelut`, `Handling`) VALUES (200, 141, 1, 5, 1954, 20, 54, 3, '1', '1', '760/761', 0, 'x');
INSERT INTO `Böcker` (`BokID`, `TitelID`, `FörfattareID`, `SVFörlag`, `SV1upplaga`, `ÖversättareID`, `RevÖversättareID`, `IllustratörID`, `DennaUpplaga`, `AntalUpplagor`, `RyggNr`, `Konvelut`, `Handling`) VALUES (201, 139, 1, 5, 1955, 49, 54, 4, '1', '1', '798/799', 0, 'x');
INSERT INTO `Böcker` (`BokID`, `TitelID`, `FörfattareID`, `SVFörlag`, `SV1upplaga`, `ÖversättareID`, `RevÖversättareID`, `IllustratörID`, `DennaUpplaga`, `AntalUpplagor`, `RyggNr`, `Konvelut`, `Handling`) VALUES (202, 140, 1, 5, 1953, 20, 54, 4, '1', '1', '721/722', 0, 'x');
INSERT INTO `Böcker` (`BokID`, `TitelID`, `FörfattareID`, `SVFörlag`, `SV1upplaga`, `ÖversättareID`, `RevÖversättareID`, `IllustratörID`, `DennaUpplaga`, `AntalUpplagor`, `RyggNr`, `Konvelut`, `Handling`) VALUES (203, 138, 1, 5, 1945, 50, 54, 4, '2, 1945', '2', '412/412', 0, 'x');
INSERT INTO `Böcker` (`BokID`, `TitelID`, `FörfattareID`, `SVFörlag`, `SV1upplaga`, `ÖversättareID`, `RevÖversättareID`, `IllustratörID`, `DennaUpplaga`, `AntalUpplagor`, `RyggNr`, `Konvelut`, `Handling`) VALUES (204, 132, 1, 5, 1949, 15, 54, 3, '1', '3', '576/577', 0, 'x');
INSERT INTO `Böcker` (`BokID`, `TitelID`, `FörfattareID`, `SVFörlag`, `SV1upplaga`, `ÖversättareID`, `RevÖversättareID`, `IllustratörID`, `DennaUpplaga`, `AntalUpplagor`, `RyggNr`, `Konvelut`, `Handling`) VALUES (205, 134, 1, 5, 1945, 15, 54, 4, '1', '2, 1946', '431/432', 0, 'x');
INSERT INTO `Böcker` (`BokID`, `TitelID`, `FörfattareID`, `SVFörlag`, `SV1upplaga`, `ÖversättareID`, `RevÖversättareID`, `IllustratörID`, `DennaUpplaga`, `AntalUpplagor`, `RyggNr`, `Konvelut`, `Handling`) VALUES (206, 86, 1, 14, 1996, 29, 54, 11, '1', '1', 'x', 0, 'Många av oss minns Biggles, den store flyghjälten som tillsammans med Ginger och Algy blev inblandad i många spännande och äventyrliga expeditioner. Thomas Bolme har med stor känsla och inlevelse läst in Biggles, stridsflygaren - ett hissnande flygäventyr för såväl nya som gamla Biggles-fantaster.');
INSERT INTO `Böcker` (`BokID`, `TitelID`, `FörfattareID`, `SVFörlag`, `SV1upplaga`, `ÖversättareID`, `RevÖversättareID`, `IllustratörID`, `DennaUpplaga`, `AntalUpplagor`, `RyggNr`, `Konvelut`, `Handling`) VALUES (207, 142, 2, 15, 1983, 54, 54, 21, '1', '1', '18', 0, 'Biggles i Sverige är en allsidig fallstudie som inte bara tillför debatten om populärhistorien vetenskapligt underlag, utan också borde tilltala nostalgiska Bigglesläsare.\r\n\r\nHär teckans såväl Biggles egen historia, som hur Johns förändrade serien i takt med tiden. Bigglesläsningen i ungdomen har också influerat delar av den författargeneration i Sverige som framträdde under 1960-talet. Boken avslutas med en fullständig förteckning över Bigglesböckerna.');
INSERT INTO `Böcker` (`BokID`, `TitelID`, `FörfattareID`, `SVFörlag`, `SV1upplaga`, `ÖversättareID`, `RevÖversättareID`, `IllustratörID`, `DennaUpplaga`, `AntalUpplagor`, `RyggNr`, `Konvelut`, `Handling`) VALUES (208, 109, 1, 5, 1946, 29, 54, 4, '1', '2', '447/448', 0, 'Worrals och Frecks får här ett uppdrag, som verkligen sätter deras uppfinningsrikedom och mod på prov. De blir beordrade till Syrien och de hinner inte väl till sin bestämmelseort förrän de blir utsatta för ett attentat, vilket de klara sig ifrån endast tack vare att de ha en inföding som livvakt. Sedan följa händelserna slag i slag. De gör en kupp i öknen, spåra fientliga agenter till en oas och råka i fångenskap. Hur det hela reder upp sig är verkligt spännande och slutuppgörelsen blir dramatisk i allra högsta grad.');
INSERT INTO `Böcker` (`BokID`, `TitelID`, `FörfattareID`, `SVFörlag`, `SV1upplaga`, `ÖversättareID`, `RevÖversättareID`, `IllustratörID`, `DennaUpplaga`, `AntalUpplagor`, `RyggNr`, `Konvelut`, `Handling`) VALUES (209, 116, 1, 5, 1945, 29, 54, 17, '1', '1', '429/430', 0, 'x');
INSERT INTO `Böcker` (`BokID`, `TitelID`, `FörfattareID`, `SVFörlag`, `SV1upplaga`, `ÖversättareID`, `RevÖversättareID`, `IllustratörID`, `DennaUpplaga`, `AntalUpplagor`, `RyggNr`, `Konvelut`, `Handling`) VALUES (210, 115, 1, 5, 1943, 29, 54, 4, '1', '2, 1945', '368/369', 0, 'x');
INSERT INTO `Böcker` (`BokID`, `TitelID`, `FörfattareID`, `SVFörlag`, `SV1upplaga`, `ÖversättareID`, `RevÖversättareID`, `IllustratörID`, `DennaUpplaga`, `AntalUpplagor`, `RyggNr`, `Konvelut`, `Handling`) VALUES (211, 112, 1, 5, 1946, 29, 54, 4, '1', '1', '466/467', 0, 'x');
INSERT INTO `Böcker` (`BokID`, `TitelID`, `FörfattareID`, `SVFörlag`, `SV1upplaga`, `ÖversättareID`, `RevÖversättareID`, `IllustratörID`, `DennaUpplaga`, `AntalUpplagor`, `RyggNr`, `Konvelut`, `Handling`) VALUES (212, 111, 1, 5, 1944, 29, 54, 4, '1', '1', '380/381', 0, 'x');
INSERT INTO `Böcker` (`BokID`, `TitelID`, `FörfattareID`, `SVFörlag`, `SV1upplaga`, `ÖversättareID`, `RevÖversättareID`, `IllustratörID`, `DennaUpplaga`, `AntalUpplagor`, `RyggNr`, `Konvelut`, `Handling`) VALUES (213, 114, 1, 5, 1950, 15, 54, 3, '1', '2, 1950', '610/611', 0, 'Worrals'' nya uppdrag för henne och Frecks till Egypten, där det gäller för dem att spåra en smugglarliga. Även myndigheterna vet om att denna liga för in opium och andra gifter i landet men är den nu också börjar handla med vapen måste något göras.\r\n\r\nWorrals angriper problemet från en helt oväntad sida. Uppdraget verkar vara lekande lätt och de står inför slutuppgörelsen då allt plötsligt går galet. Flickornas upplevelser i Arabiens öknar blir dramatiska och en mer spännande bok får man leta efter.');
INSERT INTO `Böcker` (`BokID`, `TitelID`, `FörfattareID`, `SVFörlag`, `SV1upplaga`, `ÖversättareID`, `RevÖversättareID`, `IllustratörID`, `DennaUpplaga`, `AntalUpplagor`, `RyggNr`, `Konvelut`, `Handling`) VALUES (214, 110, 1, 5, 1947, 52, 54, 4, '1', '3, 1949', '512/513', 0, 'Worrals och Frecks råkar som vanligt in i en riktig häxdans av äventyr. De träffar en flicka som fått ärva etts tycke land i ett ökenartat område, men det är värdefull mark ty hennes avlidna släkting har hittat ädelstenar där. Flickan vågar inge bo där ute ensam då det händer mystiska saker och Worrals beslutar att hjälpa henne. Hon köper ett flygplan och så börjar äventyren. De upptäcker att en liga är ute efter ädelstenarna och att den inte skyr några medel för att bli av med flickorna. De som läst förut om Worrals vet att hon kan klara sig själv och bovarna med för den delen och här blir det verkligt hårda dunster och nervkittlande spänning.\r\n\r\nEn välskriven äventyrsbok av en välkänd författare.');
INSERT INTO `Böcker` (`BokID`, `TitelID`, `FörfattareID`, `SVFörlag`, `SV1upplaga`, `ÖversättareID`, `RevÖversättareID`, `IllustratörID`, `DennaUpplaga`, `AntalUpplagor`, `RyggNr`, `Konvelut`, `Handling`) VALUES (215, 113, 1, 5, 1948, 53, 54, 4, '1', '2, 1949', '544/545', 0, 'Worrals och Frecks flyger för att söka efter Bill, som spårlöst försvunnit i Afrikas urskogar. Han har arbetat med flygtransporter av guld från en gruva i Kalahariöknens gränstrakter till Kapstaden. När Worrals och Frecks kommer till mellanlandningsplatsen före gruvan för att tanka, börjar de förstå hur det hela hänger ihop och varför Bill försvunnit. De råkar in i ett virrvarr av intriger och för att överlista förbrytarna måste Worrals leda in polisen på fel spår. Det är en fantastisk fart på äventyren.');
INSERT INTO `Böcker` (`BokID`, `TitelID`, `FörfattareID`, `SVFörlag`, `SV1upplaga`, `ÖversättareID`, `RevÖversättareID`, `IllustratörID`, `DennaUpplaga`, `AntalUpplagor`, `RyggNr`, `Konvelut`, `Handling`) VALUES (216, 104, 1, 5, 1958, 39, 54, 4, '1', '1', '906/907', 0, 'x');
INSERT INTO `Böcker` (`BokID`, `TitelID`, `FörfattareID`, `SVFörlag`, `SV1upplaga`, `ÖversättareID`, `RevÖversättareID`, `IllustratörID`, `DennaUpplaga`, `AntalUpplagor`, `RyggNr`, `Konvelut`, `Handling`) VALUES (217, 105, 1, 5, 19, 50, 54, 4, '1', '1', '892/893', 0, 'Den som vet mer om denna bok, meddela mig så att jag kan hålla bokdatabasen komplett!');
INSERT INTO `Böcker` (`BokID`, `TitelID`, `FörfattareID`, `SVFörlag`, `SV1upplaga`, `ÖversättareID`, `RevÖversättareID`, `IllustratörID`, `DennaUpplaga`, `AntalUpplagor`, `RyggNr`, `Konvelut`, `Handling`) VALUES (218, 108, 1, 5, 1949, 15, 54, 4, '1', '1', '554/555', 0, 'x');
INSERT INTO `Böcker` (`BokID`, `TitelID`, `FörfattareID`, `SVFörlag`, `SV1upplaga`, `ÖversättareID`, `RevÖversättareID`, `IllustratörID`, `DennaUpplaga`, `AntalUpplagor`, `RyggNr`, `Konvelut`, `Handling`) VALUES (219, 103, 1, 5, 19, 50, 54, 4, '1', '1', '758/759', 0, 'Den som vet mer om denna bok, meddela mig så att jag kan hålla bokdatabasen komplett!');
INSERT INTO `Böcker` (`BokID`, `TitelID`, `FörfattareID`, `SVFörlag`, `SV1upplaga`, `ÖversättareID`, `RevÖversättareID`, `IllustratörID`, `DennaUpplaga`, `AntalUpplagor`, `RyggNr`, `Konvelut`, `Handling`) VALUES (220, 143, 1, 5, 1944, 50, 54, 4, '1', '1', '384/385', 0, 'x');
INSERT INTO `Böcker` (`BokID`, `TitelID`, `FörfattareID`, `SVFörlag`, `SV1upplaga`, `ÖversättareID`, `RevÖversättareID`, `IllustratörID`, `DennaUpplaga`, `AntalUpplagor`, `RyggNr`, `Konvelut`, `Handling`) VALUES (221, 144, 1, 5, 1986, 46, 54, 1, '1', '1', '2417', 0, 'x');
INSERT INTO `Böcker` (`BokID`, `TitelID`, `FörfattareID`, `SVFörlag`, `SV1upplaga`, `ÖversättareID`, `RevÖversättareID`, `IllustratörID`, `DennaUpplaga`, `AntalUpplagor`, `RyggNr`, `Konvelut`, `Handling`) VALUES (222, 6, 1, 16, 1945, 13, 54, 4, '1', '1', '?', 0, 'x');
INSERT INTO `Böcker` (`BokID`, `TitelID`, `FörfattareID`, `SVFörlag`, `SV1upplaga`, `ÖversättareID`, `RevÖversättareID`, `IllustratörID`, `DennaUpplaga`, `AntalUpplagor`, `RyggNr`, `Konvelut`, `Handling`) VALUES (223, 10, 1, 5, 1953, 22, 54, 1, '3, 1984', '3, 1984', '693/694', 0, 'Lördagen efter slaget vid kastanjeträden skulle\r\nför alltid etsa sig fast i Biggles minne, för det var den dagen han såg ett\r\nflygplan för första gången. Det dök upp över skolan under morgonlektionen.\r\nTill en början var det ingen som kände igen motorljudet, det lät inte som\r\nnågot de hört tidigare.\r\nDet är ett stridsflygplan, skrek någon och alla rusade ut');
INSERT INTO `Böcker` (`BokID`, `TitelID`, `FörfattareID`, `SVFörlag`, `SV1upplaga`, `ÖversättareID`, `RevÖversättareID`, `IllustratörID`, `DennaUpplaga`, `AntalUpplagor`, `RyggNr`, `Konvelut`, `Handling`) VALUES (224, 86, 1, 5, 0, 31, 54, 2, '12, 1992', '12, 1992', '304', 0, 'x');
INSERT INTO `Böcker` (`BokID`, `TitelID`, `FörfattareID`, `SVFörlag`, `SV1upplaga`, `ÖversättareID`, `RevÖversättareID`, `IllustratörID`, `DennaUpplaga`, `AntalUpplagor`, `RyggNr`, `Konvelut`, `Handling`) VALUES (225, 107, 1, 5, 1942, 29, 54, 4, '1', '2, 1975', '345', 0, 'x');
INSERT INTO `Böcker` (`BokID`, `TitelID`, `FörfattareID`, `SVFörlag`, `SV1upplaga`, `ÖversättareID`, `RevÖversättareID`, `IllustratörID`, `DennaUpplaga`, `AntalUpplagor`, `RyggNr`, `Konvelut`, `Handling`) VALUES (226, 107, 1, 5, 1975, 17, 54, 1, '2, 1975', '2, 1975', '345', 0, 'x');

DROP TABLE IF EXISTS `EngFörlag`;

CREATE TABLE `EngFörlag` (
  `ENGFörlagID` INT PRIMARY KEY, 
  `ENGFörlag` VARCHAR(50), 
  `ENGkort` VARCHAR(50)
);

SET autocommit=1;

INSERT INTO `EngFörlag` (`ENGFörlagID`, `ENGFörlag`, `ENGkort`) VALUES (1, 'Brockhampton Press, Leicester', 'Brock');
INSERT INTO `EngFörlag` (`ENGFörlagID`, `ENGFörlag`, `ENGkort`) VALUES (2, 'Dean & Son Ltd, London', 'Dean');
INSERT INTO `EngFörlag` (`ENGFörlagID`, `ENGFörlag`, `ENGkort`) VALUES (3, 'John Hamilton, London', 'Hamil');
INSERT INTO `EngFörlag` (`ENGFörlagID`, `ENGFörlag`, `ENGkort`) VALUES (4, 'Latimer House, London', 'Latim');
INSERT INTO `EngFörlag` (`ENGFörlagID`, `ENGFörlag`, `ENGkort`) VALUES (5, 'Oxford University Press, London', 'OUP');
INSERT INTO `EngFörlag` (`ENGFörlagID`, `ENGFörlag`, `ENGkort`) VALUES (6, 'Max Parrish, London', 'Parrish');
INSERT INTO `EngFörlag` (`ENGFörlagID`, `ENGFörlag`, `ENGkort`) VALUES (7, 'Thames Publishing Co, London', 'Thames');
INSERT INTO `EngFörlag` (`ENGFörlagID`, `ENGFörlag`, `ENGkort`) VALUES (8, 'Hodder & Stoughton Ltd, London', 'H&S');
INSERT INTO `EngFörlag` (`ENGFörlagID`, `ENGFörlag`, `ENGkort`) VALUES (9, 'Ej utgiven', 'Ej utgiven');
INSERT INTO `EngFörlag` (`ENGFörlagID`, `ENGFörlag`, `ENGkort`) VALUES (10, 'Vet ej', 'Vet ej');

DROP TABLE IF EXISTS `Författare`;

CREATE TABLE `Författare` (
  `FörfattareID` INT PRIMARY KEY, 
  `Efternamn` VARCHAR(50), 
  `Förnamn` VARCHAR(50)
);

SET autocommit=1;

INSERT INTO `Författare` (`FörfattareID`, `Efternamn`, `Förnamn`) VALUES (1, 'Johns', 'W.E.');
INSERT INTO `Författare` (`FörfattareID`, `Efternamn`, `Förnamn`) VALUES (2, 'Mählqvist', 'Stefan');
INSERT INTO `Författare` (`FörfattareID`, `Efternamn`, `Förnamn`) VALUES (3, 'Karlström', 'Björn');
INSERT INTO `Författare` (`FörfattareID`, `Efternamn`, `Förnamn`) VALUES (4, 'Sander', 'Jerk');

DROP TABLE IF EXISTS `Illustratörer`;

CREATE TABLE `Illustratörer` (
  `IllustratörID` INT PRIMARY KEY, 
  `Efternamn` VARCHAR(50), 
  `Förnamn` VARCHAR(50)
);

SET autocommit=1;

INSERT INTO `Illustratörer` (`IllustratörID`, `Efternamn`, `Förnamn`) VALUES (1, 'Bartsch', 'Wolfgang');
INSERT INTO `Illustratörer` (`IllustratörID`, `Efternamn`, `Förnamn`) VALUES (2, 'Ericson', 'Ola');
INSERT INTO `Illustratörer` (`IllustratörID`, `Efternamn`, `Förnamn`) VALUES (3, 'Hegland', 'Bertil');
INSERT INTO `Illustratörer` (`IllustratörID`, `Efternamn`, `Förnamn`) VALUES (4, '?', '?');
INSERT INTO `Illustratörer` (`IllustratörID`, `Efternamn`, `Förnamn`) VALUES (5, 'Stödberg', 'Nils');
INSERT INTO `Illustratörer` (`IllustratörID`, `Efternamn`, `Förnamn`) VALUES (6, 'Karlström', 'Björn');
INSERT INTO `Illustratörer` (`IllustratörID`, `Efternamn`, `Förnamn`) VALUES (7, 'Holmgren', 'Per');
INSERT INTO `Illustratörer` (`IllustratörID`, `Efternamn`, `Förnamn`) VALUES (9, 'Sund', 'Rolf');
INSERT INTO `Illustratörer` (`IllustratörID`, `Efternamn`, `Förnamn`) VALUES (10, 'Lüsch', 'Rickard');
INSERT INTO `Illustratörer` (`IllustratörID`, `Efternamn`, `Förnamn`) VALUES (11, 'Jungdahl', 'J.');
INSERT INTO `Illustratörer` (`IllustratörID`, `Efternamn`, `Förnamn`) VALUES (12, 'Göransson', 'Göte');
INSERT INTO `Illustratörer` (`IllustratörID`, `Efternamn`, `Förnamn`) VALUES (13, 'Wennerberg', 'B. O.');
INSERT INTO `Illustratörer` (`IllustratörID`, `Efternamn`, `Förnamn`) VALUES (14, 'Nørstrand', 'Harry');
INSERT INTO `Illustratörer` (`IllustratörID`, `Efternamn`, `Förnamn`) VALUES (15, 'Stjernvik', 'Stig');
INSERT INTO `Illustratörer` (`IllustratörID`, `Efternamn`, `Förnamn`) VALUES (16, 'Solem', 'Svein');
INSERT INTO `Illustratörer` (`IllustratörID`, `Efternamn`, `Förnamn`) VALUES (17, 'Lannmark', 'G.');
INSERT INTO `Illustratörer` (`IllustratörID`, `Efternamn`, `Förnamn`) VALUES (18, 'Guhl', 'Martin');
INSERT INTO `Illustratörer` (`IllustratörID`, `Efternamn`, `Förnamn`) VALUES (19, 'Björnsson', 'Sven');
INSERT INTO `Illustratörer` (`IllustratörID`, `Efternamn`, `Förnamn`) VALUES (20, 'Lidvall', 'Gunnar');
INSERT INTO `Illustratörer` (`IllustratörID`, `Efternamn`, `Förnamn`) VALUES (21, 'Mählqvist', 'Stefan');

DROP TABLE IF EXISTS `Översättare`;

CREATE TABLE `Översättare` (
  `ÖversättareID` INT PRIMARY KEY, 
  `Efternamn` VARCHAR(50), 
  `Förnamn` VARCHAR(50)
);

SET autocommit=1;

INSERT INTO `Översättare` (`ÖversättareID`, `Efternamn`, `Förnamn`) VALUES (1, 'Backman', 'Olle');
INSERT INTO `Översättare` (`ÖversättareID`, `Efternamn`, `Förnamn`) VALUES (2, 'Allen', 'Lennart');
INSERT INTO `Översättare` (`ÖversättareID`, `Efternamn`, `Förnamn`) VALUES (3, 'Risö', 'Alf');
INSERT INTO `Översättare` (`ÖversättareID`, `Efternamn`, `Förnamn`) VALUES (4, 'Zedig', 'Eric');
INSERT INTO `Översättare` (`ÖversättareID`, `Efternamn`, `Förnamn`) VALUES (5, 'Ullman', 'Gudrun');
INSERT INTO `Översättare` (`ÖversättareID`, `Efternamn`, `Förnamn`) VALUES (6, 'Löfroth', 'Erik');
INSERT INTO `Översättare` (`ÖversättareID`, `Efternamn`, `Förnamn`) VALUES (7, 'Michanek', 'Germund');
INSERT INTO `Översättare` (`ÖversättareID`, `Efternamn`, `Förnamn`) VALUES (8, 'Hultstrand', 'Birger');
INSERT INTO `Översättare` (`ÖversättareID`, `Efternamn`, `Förnamn`) VALUES (9, 'Olson', 'Anna-Lisa');
INSERT INTO `Översättare` (`ÖversättareID`, `Efternamn`, `Förnamn`) VALUES (10, 'Agdler', 'Alf');
INSERT INTO `Översättare` (`ÖversättareID`, `Efternamn`, `Förnamn`) VALUES (11, 'Bourin', 'Emil');
INSERT INTO `Översättare` (`ÖversättareID`, `Efternamn`, `Förnamn`) VALUES (12, 'Zacke', 'Alvar');
INSERT INTO `Översättare` (`ÖversättareID`, `Efternamn`, `Förnamn`) VALUES (13, 'Wiesler', 'Rolf');
INSERT INTO `Översättare` (`ÖversättareID`, `Efternamn`, `Förnamn`) VALUES (14, 'Lindman', 'Christer');
INSERT INTO `Översättare` (`ÖversättareID`, `Efternamn`, `Förnamn`) VALUES (15, 'Åkesson', 'Arnold');
INSERT INTO `Översättare` (`ÖversättareID`, `Efternamn`, `Förnamn`) VALUES (16, 'Malmgren', 'Göran');
INSERT INTO `Översättare` (`ÖversättareID`, `Efternamn`, `Förnamn`) VALUES (17, 'Möller', 'Kurt G');
INSERT INTO `Översättare` (`ÖversättareID`, `Efternamn`, `Förnamn`) VALUES (18, 'Olzon', 'Gösta');
INSERT INTO `Översättare` (`ÖversättareID`, `Efternamn`, `Förnamn`) VALUES (19, 'Lindberg', 'Verna');
INSERT INTO `Översättare` (`ÖversättareID`, `Efternamn`, `Förnamn`) VALUES (20, 'Almqvist', 'Josef');
INSERT INTO `Översättare` (`ÖversättareID`, `Efternamn`, `Förnamn`) VALUES (21, 'Ericsson', 'Lars');
INSERT INTO `Översättare` (`ÖversättareID`, `Efternamn`, `Förnamn`) VALUES (22, 'Åström', 'Jan O');
INSERT INTO `Översättare` (`ÖversättareID`, `Efternamn`, `Förnamn`) VALUES (23, 'Kylberg', 'Björn');
INSERT INTO `Översättare` (`ÖversättareID`, `Efternamn`, `Förnamn`) VALUES (24, 'Holmqvist', 'Bengt');
INSERT INTO `Översättare` (`ÖversättareID`, `Efternamn`, `Förnamn`) VALUES (25, 'Carlberg', 'Hans');
INSERT INTO `Översättare` (`ÖversättareID`, `Efternamn`, `Förnamn`) VALUES (26, 'Salander', 'Göran');
INSERT INTO `Översättare` (`ÖversättareID`, `Efternamn`, `Förnamn`) VALUES (27, 'Rosén', 'Stig');
INSERT INTO `Översättare` (`ÖversättareID`, `Efternamn`, `Förnamn`) VALUES (28, 'Fridh', 'Kjell');
INSERT INTO `Översättare` (`ÖversättareID`, `Efternamn`, `Förnamn`) VALUES (29, 'Högelin', 'Gösta');
INSERT INTO `Översättare` (`ÖversättareID`, `Efternamn`, `Förnamn`) VALUES (30, 'Torstensson', 'Magnus');
INSERT INTO `Översättare` (`ÖversättareID`, `Efternamn`, `Förnamn`) VALUES (31, 'Mårtensson', 'Ulf');
INSERT INTO `Översättare` (`ÖversättareID`, `Efternamn`, `Förnamn`) VALUES (32, 'Dahlgren', 'Rolf');
INSERT INTO `Översättare` (`ÖversättareID`, `Efternamn`, `Förnamn`) VALUES (33, 'Blomqvist', 'Torsten');
INSERT INTO `Översättare` (`ÖversättareID`, `Efternamn`, `Förnamn`) VALUES (34, 'Lindberg', 'Magnus K');
INSERT INTO `Översättare` (`ÖversättareID`, `Efternamn`, `Förnamn`) VALUES (35, 'Lindberg', 'Arne');
INSERT INTO `Översättare` (`ÖversättareID`, `Efternamn`, `Förnamn`) VALUES (36, 'Hellberg', 'Johan G');
INSERT INTO `Översättare` (`ÖversättareID`, `Efternamn`, `Förnamn`) VALUES (37, 'Eriksson', 'Klara');
INSERT INTO `Översättare` (`ÖversättareID`, `Efternamn`, `Förnamn`) VALUES (38, 'Hedekrans', 'Bo');
INSERT INTO `Översättare` (`ÖversättareID`, `Efternamn`, `Förnamn`) VALUES (39, 'Sandberg', 'S');
INSERT INTO `Översättare` (`ÖversättareID`, `Efternamn`, `Förnamn`) VALUES (40, 'översättning', 'Reviderad');
INSERT INTO `Översättare` (`ÖversättareID`, `Efternamn`, `Förnamn`) VALUES (41, 'Östlund', 'Karl-Rune');
INSERT INTO `Översättare` (`ÖversättareID`, `Efternamn`, `Förnamn`) VALUES (42, 'Rasmussen', 'Solveig');
INSERT INTO `Översättare` (`ÖversättareID`, `Efternamn`, `Förnamn`) VALUES (43, 'Sander', 'Jerk');
INSERT INTO `Översättare` (`ÖversättareID`, `Efternamn`, `Förnamn`) VALUES (44, 'Kristoffersson', 'Pej');
INSERT INTO `Översättare` (`ÖversättareID`, `Efternamn`, `Förnamn`) VALUES (45, 'Karlström', 'Björn');
INSERT INTO `Översättare` (`ÖversättareID`, `Efternamn`, `Förnamn`) VALUES (46, 'Larsson', 'Lars G.');
INSERT INTO `Översättare` (`ÖversättareID`, `Efternamn`, `Förnamn`) VALUES (47, 'Schinkler', 'Tommy');
INSERT INTO `Översättare` (`ÖversättareID`, `Efternamn`, `Förnamn`) VALUES (48, 'Nørstrand', 'Harry');
INSERT INTO `Översättare` (`ÖversättareID`, `Efternamn`, `Förnamn`) VALUES (49, 'Runsten', 'Nenne');
INSERT INTO `Översättare` (`ÖversättareID`, `Efternamn`, `Förnamn`) VALUES (50, '?', '?');
INSERT INTO `Översättare` (`ÖversättareID`, `Efternamn`, `Förnamn`) VALUES (51, 'Mählqvist', 'Stefan');
INSERT INTO `Översättare` (`ÖversättareID`, `Efternamn`, `Förnamn`) VALUES (52, 'Bennett', 'Tom');
INSERT INTO `Översättare` (`ÖversättareID`, `Efternamn`, `Förnamn`) VALUES (53, 'Linder', 'John-Lennart');
INSERT INTO `Översättare` (`ÖversättareID`, `Efternamn`, `Förnamn`) VALUES (54, 'Nej', 'Nej');

DROP TABLE IF EXISTS `SVFörlag`;

CREATE TABLE `SVFörlag` (
  `SVFörlagID` INT PRIMARY KEY, 
  `SVFörlag` VARCHAR(100), 
  `SVkort` VARCHAR(50)
);

SET autocommit=1;

INSERT INTO `SVFörlag` (`SVFörlagID`, `SVFörlag`, `SVkort`) VALUES (1, 'Bonniers Önskeböckerna Ny Följd', 'Bonn Ö N F');
INSERT INTO `SVFörlag` (`SVFörlagID`, `SVFörlag`, `SVkort`) VALUES (2, 'Bonniers Röda Ramen', 'Bonn Rr');
INSERT INTO `SVFörlag` (`SVFörlagID`, `SVFörlag`, `SVkort`) VALUES (3, 'Bonniers Junior förlag', 'Bonn J');
INSERT INTO `SVFörlag` (`SVFörlagID`, `SVFörlag`, `SVkort`) VALUES (4, 'Svenska Bokförlaget', 'Sv Bokf');
INSERT INTO `SVFörlag` (`SVFörlagID`, `SVFörlag`, `SVkort`) VALUES (5, 'B Wahlströms ungdomsböcker', 'BW ub');
INSERT INTO `SVFörlag` (`SVFörlagID`, `SVFörlag`, `SVkort`) VALUES (6, 'B Wahlströms ungdomspocket', 'BW pock');
INSERT INTO `SVFörlag` (`SVFörlagID`, `SVFörlag`, `SVkort`) VALUES (7, 'B Wahlströms poppis-böcker', 'BW pop');
INSERT INTO `SVFörlag` (`SVFörlagID`, `SVFörlag`, `SVkort`) VALUES (8, 'B Wahlströms Lejonserien', 'BW Lejon');
INSERT INTO `SVFörlag` (`SVFörlagID`, `SVFörlag`, `SVkort`) VALUES (9, 'Åhlén & Åkerlund/Bonniers (från serien Pojkarnas Flygbok)', 'Å&Å/Bonn');
INSERT INTO `SVFörlag` (`SVFörlagID`, `SVFörlag`, `SVkort`) VALUES (10, 'SEMIC (seriealbum)', 'SEMIC');
INSERT INTO `SVFörlag` (`SVFörlagID`, `SVFörlag`, `SVkort`) VALUES (11, 'B Wahlströms Bokförlag AB', 'Wahlströms');
INSERT INTO `SVFörlag` (`SVFörlagID`, `SVFörlag`, `SVkort`) VALUES (12, 'Disney''s ungdomsbokklubb', 'Disney');
INSERT INTO `SVFörlag` (`SVFörlagID`, `SVFörlag`, `SVkort`) VALUES (13, 'Albert Bonniers Förlag (serien Flyg-böckerna)', 'Bonn');
INSERT INTO `SVFörlag` (`SVFörlagID`, `SVFörlag`, `SVkort`) VALUES (14, 'Iris Förlag (kassettband)', 'Iris');
INSERT INTO `SVFörlag` (`SVFörlagID`, `SVFörlag`, `SVkort`) VALUES (15, 'Gidlunds', 'Gidlunds');
INSERT INTO `SVFörlag` (`SVFörlagID`, `SVFörlag`, `SVkort`) VALUES (16, 'Holger Schildts', 'Schildts');

DROP TABLE IF EXISTS `Titlar`;

CREATE TABLE `Titlar` (
  `TitelID` INT PRIMARY KEY, 
  `TitelSV` VARCHAR(50), 
  `TitelENG` VARCHAR(50), 
  `ENGFörlag` INT DEFAULT 0, 
  `ENG1upplaga` VARCHAR(50), 
  `Chrono` INT
);

SET autocommit=1;

INSERT INTO `Titlar` (`TitelID`, `TitelSV`, `TitelENG`, `ENGFörlag`, `ENG1upplaga`, `Chrono`) VALUES (1, 'Biggles & Co', 'Biggles & Co', 5, '1936', 16);
INSERT INTO `Titlar` (`TitelID`, `TitelSV`, `TitelENG`, `ENGFörlag`, `ENG1upplaga`, `Chrono`) VALUES (2, 'Biggles Eskaderchef', 'Biggles Air Commodore', 5, '1937', 18);
INSERT INTO `Titlar` (`TitelID`, `TitelSV`, `TitelENG`, `ENGFörlag`, `ENG1upplaga`, `Chrono`) VALUES (3, 'Biggles farligaste uppdrag', 'Biggles'' special case', 1, '1963', 79);
INSERT INTO `Titlar` (`TitelID`, `TitelSV`, `TitelENG`, `ENGFörlag`, `ENG1upplaga`, `Chrono`) VALUES (4, 'Biggles flyger mot öster', 'Biggles goes home', 8, '1960', 70);
INSERT INTO `Titlar` (`TitelID`, `TitelSV`, `TitelENG`, `ENGFörlag`, `ENG1upplaga`, `Chrono`) VALUES (5, 'Biggles flyger norrut', 'Biggles flies North', 5, '1939', 25);
INSERT INTO `Titlar` (`TitelID`, `TitelSV`, `TitelENG`, `ENGFörlag`, `ENG1upplaga`, `Chrono`) VALUES (6, 'Biggles flyger söderut', 'Biggles in Africa', 5, '1936', 17);
INSERT INTO `Titlar` (`TitelID`, `TitelSV`, `TitelENG`, `ENGFörlag`, `ENG1upplaga`, `Chrono`) VALUES (7, 'Biggles flyger vidare', 'Comrades in arms', 8, '1947', 37);
INSERT INTO `Titlar` (`TitelID`, `TitelSV`, `TitelENG`, `ENGFörlag`, `ENG1upplaga`, `Chrono`) VALUES (8, 'Biggles flyger västerut', 'Biggles flies West', 5, '1937', 19);
INSERT INTO `Titlar` (`TitelID`, `TitelSV`, `TitelENG`, `ENGFörlag`, `ENG1upplaga`, `Chrono`) VALUES (9, 'Biggles flyger österut', 'Biggles flies East', 5, '1935', 7);
INSERT INTO `Titlar` (`TitelID`, `TitelSV`, `TitelENG`, `ENGFörlag`, `ENG1upplaga`, `Chrono`) VALUES (10, 'Biggles första kupp', 'Biggles goes to school', 8, '1951', 2);
INSERT INTO `Titlar` (`TitelID`, `TitelSV`, `TitelENG`, `ENGFörlag`, `ENG1upplaga`, `Chrono`) VALUES (11, 'Biggles går i fällan', 'Biggles on the home front', 8, '1957', 62);
INSERT INTO `Titlar` (`TitelID`, `TitelSV`, `TitelENG`, `ENGFörlag`, `ENG1upplaga`, `Chrono`) VALUES (12, 'Biggles går till attack', 'Biggles in the Gobi', 8, '1953', 51);
INSERT INTO `Titlar` (`TitelID`, `TitelSV`, `TitelENG`, `ENGFörlag`, `ENG1upplaga`, `Chrono`) VALUES (13, 'Biggles gör rent hus', 'Biggles takes a hand', 8, '1963', 78);
INSERT INTO `Titlar` (`TitelID`, `TitelSV`, `TitelENG`, `ENGFörlag`, `ENG1upplaga`, `Chrono`) VALUES (14, 'Biggles i Afrika', 'Biggles sorts it out', 1, '1967', 91);
INSERT INTO `Titlar` (`TitelID`, `TitelSV`, `TitelENG`, `ENGFörlag`, `ENG1upplaga`, `Chrono`) VALUES (15, 'Biggles i Antarktis', 'Biggles breaks the silence', 8, '1949', 42);
INSERT INTO `Titlar` (`TitelID`, `TitelSV`, `TitelENG`, `ENGFörlag`, `ENG1upplaga`, `Chrono`) VALUES (16, 'Biggles i Arabien', 'Another job for Biggles', 8, '1951', 44);
INSERT INTO `Titlar` (`TitelID`, `TitelSV`, `TitelENG`, `ENGFörlag`, `ENG1upplaga`, `Chrono`) VALUES (17, 'Biggles i djungeln', 'Biggles in the jungle', 5, '1942', 23);
INSERT INTO `Titlar` (`TitelID`, `TitelSV`, `TitelENG`, `ENGFörlag`, `ENG1upplaga`, `Chrono`) VALUES (18, 'Biggles i fara', 'Biggles Goes to War', 5, '1938', 21);
INSERT INTO `Titlar` (`TitelID`, `TitelSV`, `TitelENG`, `ENGFörlag`, `ENG1upplaga`, `Chrono`) VALUES (19, 'Biggles i Finland', 'Biggles sees it through', 5, '1941', 28);
INSERT INTO `Titlar` (`TitelID`, `TitelSV`, `TitelENG`, `ENGFörlag`, `ENG1upplaga`, `Chrono`) VALUES (20, 'Biggles i främlingslegionen', 'Biggles foreign legionnaire', 8, '1954', 55);
INSERT INTO `Titlar` (`TitelID`, `TitelSV`, `TitelENG`, `ENGFörlag`, `ENG1upplaga`, `Chrono`) VALUES (21, 'Biggles i fält', 'Spitfire Parade', 5, '1941', 30);
INSERT INTO `Titlar` (`TitelID`, `TitelSV`, `TitelENG`, `ENGFörlag`, `ENG1upplaga`, `Chrono`) VALUES (22, 'Biggles i hemlig tjänst', 'Biggles secret agent', 5, '1940', 26);
INSERT INTO `Titlar` (`TitelID`, `TitelSV`, `TitelENG`, `ENGFörlag`, `ENG1upplaga`, `Chrono`) VALUES (23, 'Biggles i Kanada', 'Biggles and the Penitent Thief', 1, '1967', 93);
INSERT INTO `Titlar` (`TitelID`, `TitelSV`, `TitelENG`, `ENGFörlag`, `ENG1upplaga`, `Chrono`) VALUES (24, 'Biggles i knipa', 'Biggles fails to return', 8, '1943', 31);
INSERT INTO `Titlar` (`TitelID`, `TitelSV`, `TitelENG`, `ENGFörlag`, `ENG1upplaga`, `Chrono`) VALUES (25, 'Biggles i Liberia', 'No rest for Biggles', 8, '1956', 58);
INSERT INTO `Titlar` (`TitelID`, `TitelSV`, `TitelENG`, `ENGFörlag`, `ENG1upplaga`, `Chrono`) VALUES (26, 'Biggles i Norge', 'Biggles defies the Swastika', 5, '1941', 29);
INSERT INTO `Titlar` (`TitelID`, `TitelSV`, `TitelENG`, `ENGFörlag`, `ENG1upplaga`, `Chrono`) VALUES (27, 'Biggles i oasen', 'Biggles flies South', 5, '1938', 20);
INSERT INTO `Titlar` (`TitelID`, `TitelSV`, `TitelENG`, `ENGFörlag`, `ENG1upplaga`, `Chrono`) VALUES (28, 'Biggles i orienten', 'Biggles in the orient', 8, '1944', 34);
INSERT INTO `Titlar` (`TitelID`, `TitelSV`, `TitelENG`, `ENGFörlag`, `ENG1upplaga`, `Chrono`) VALUES (29, 'Biggles i paradisdalen', 'Biggles takes a holiday', 8, '1949', 41);
INSERT INTO `Titlar` (`TitelID`, `TitelSV`, `TitelENG`, `ENGFörlag`, `ENG1upplaga`, `Chrono`) VALUES (30, 'Biggles i Spanien', 'Biggles in Spain', 5, '1939', 24);
INSERT INTO `Titlar` (`TitelID`, `TitelSV`, `TitelENG`, `ENGFörlag`, `ENG1upplaga`, `Chrono`) VALUES (31, 'Biggles i strid', 'Biggles learnes to fly', 1, '1955', 3);
INSERT INTO `Titlar` (`TitelID`, `TitelSV`, `TitelENG`, `ENGFörlag`, `ENG1upplaga`, `Chrono`) VALUES (32, 'Biggles i Söderhavet', 'Biggles in the South Seas', 5, '1940', 22);
INSERT INTO `Titlar` (`TitelID`, `TitelSV`, `TitelENG`, `ENGFörlag`, `ENG1upplaga`, `Chrono`) VALUES (33, 'Biggles i Söderhavet / Biggles i djungeln', 'Biggles in the South Seas / Biggles in the jungle', 5, '1940', NULL);
INSERT INTO `Titlar` (`TitelID`, `TitelSV`, `TitelENG`, `ENGFörlag`, `ENG1upplaga`, `Chrono`) VALUES (34, 'Biggles i Tibet', 'Biggles hits the trail', 5, '1935', 15);
INSERT INTO `Titlar` (`TitelID`, `TitelSV`, `TitelENG`, `ENGFörlag`, `ENG1upplaga`, `Chrono`) VALUES (35, 'Biggles i tropikerna', 'Biggles flies again', 3, '1934', 13);
INSERT INTO `Titlar` (`TitelID`, `TitelSV`, `TitelENG`, `ENGFörlag`, `ENG1upplaga`, `Chrono`) VALUES (36, 'Biggles i öknen', 'Biggles sweeps the desert', 8, '1942', 32);
INSERT INTO `Titlar` (`TitelID`, `TitelSV`, `TitelENG`, `ENGFörlag`, `ENG1upplaga`, `Chrono`) VALUES (37, 'Biggles i Östersjön', 'Biggles in the Baltic', 5, '1940', 27);
INSERT INTO `Titlar` (`TitelID`, `TitelSV`, `TitelENG`, `ENGFörlag`, `ENG1upplaga`, `Chrono`) VALUES (38, 'Biggles jagar kidnapparna', 'Biggles and the poor rich boy', 1, '1961', 71);
INSERT INTO `Titlar` (`TitelID`, `TitelSV`, `TitelENG`, `ENGFörlag`, `ENG1upplaga`, `Chrono`) VALUES (39, 'Biggles jagar storvilt', 'Biggles hunts big game', 8, '1948', 40);
INSERT INTO `Titlar` (`TitelID`, `TitelSV`, `TitelENG`, `ENGFörlag`, `ENG1upplaga`, `Chrono`) VALUES (40, 'Biggles landar i Kina', 'Biggles gets his men', 8, '1950', 43);
INSERT INTO `Titlar` (`TitelID`, `TitelSV`, `TitelENG`, `ENGFörlag`, `ENG1upplaga`, `Chrono`) VALUES (41, 'Biggles lever farligt', 'Comrades in arms / Biggles''s Chinese puzzle', 8, '1947', NULL);
INSERT INTO `Titlar` (`TitelID`, `TitelSV`, `TitelENG`, `ENGFörlag`, `ENG1upplaga`, `Chrono`) VALUES (42, 'Biggles märkligaste uppdrag', 'Biggles - charter pilot', 5, '1943', 36);
INSERT INTO `Titlar` (`TitelID`, `TitelSV`, `TitelENG`, `ENGFörlag`, `ENG1upplaga`, `Chrono`) VALUES (43, 'Biggles möter Mig-21', 'Biggles buries a hatchet', 1, '1962', 65);
INSERT INTO `Titlar` (`TitelID`, `TitelSV`, `TitelENG`, `ENGFörlag`, `ENG1upplaga`, `Chrono`) VALUES (45, 'Biggles och atomprofessorn', 'Orchids for Biggles', 1, '1962', 75);
INSERT INTO `Titlar` (`TitelID`, `TitelSV`, `TitelENG`, `ENGFörlag`, `ENG1upplaga`, `Chrono`) VALUES (47, 'Biggles och den hemliga flygbasen', 'The black peril', 3, '1935', 14);
INSERT INTO `Titlar` (`TitelID`, `TitelSV`, `TitelENG`, `ENGFörlag`, `ENG1upplaga`, `Chrono`) VALUES (48, 'Biggles och den hemlighetsfulla ön', 'Biggles takes it rough', 1, '1963', 77);
INSERT INTO `Titlar` (`TitelID`, `TitelSV`, `TitelENG`, `ENGFörlag`, `ENG1upplaga`, `Chrono`) VALUES (49, 'Biggles och den mystiska ön', 'Biggles on mystery island', 8, '1958', 64);
INSERT INTO `Titlar` (`TitelID`, `TitelSV`, `TitelENG`, `ENGFörlag`, `ENG1upplaga`, `Chrono`) VALUES (50, 'Biggles och den mystiske miljonären', 'Biggles and the missing millionaire', 1, '1961', 73);
INSERT INTO `Titlar` (`TitelID`, `TitelSV`, `TitelENG`, `ENGFörlag`, `ENG1upplaga`, `Chrono`) VALUES (51, 'Biggles och den mystiske piloten', 'Biggles of 266', 7, '1956', 5);
INSERT INTO `Titlar` (`TitelID`, `TitelSV`, `TitelENG`, `ENGFörlag`, `ENG1upplaga`, `Chrono`) VALUES (52, 'Biggles och den obebodda ön', 'Biggles presses on & Biggles of the Interpol', 1, '1957/1958', NULL);
INSERT INTO `Titlar` (`TitelID`, `TitelSV`, `TitelENG`, `ENGFörlag`, `ENG1upplaga`, `Chrono`) VALUES (53, 'Biggles och den svarte rövaren', 'Biggles and the Black Raider', 8, '1953', 49);
INSERT INTO `Titlar` (`TitelID`, `TitelSV`, `TitelENG`, `ENGFörlag`, `ENG1upplaga`, `Chrono`) VALUES (54, 'Biggles och diamantmysteriet', 'Biggles and the pirate treausre & Comrades in arms', 8, '1947', NULL);
INSERT INTO `Titlar` (`TitelID`, `TitelSV`, `TitelENG`, `ENGFörlag`, `ENG1upplaga`, `Chrono`) VALUES (55, 'Biggles och djungelmysteriet', 'Biggles presses on & Biggles of the Interpol', 1, '1957/1958', NULL);
INSERT INTO `Titlar` (`TitelID`, `TitelSV`, `TitelENG`, `ENGFörlag`, `ENG1upplaga`, `Chrono`) VALUES (56, 'Biggles och djungelflygarna', 'Biggles in the Terai', 1, '1966', 89);
INSERT INTO `Titlar` (`TitelID`, `TitelSV`, `TitelENG`, `ENGFörlag`, `ENG1upplaga`, `Chrono`) VALUES (57, 'Biggles och dollarkuppen', 'Biggles chinese Puzzle', 1, '1955', 57);
INSERT INTO `Titlar` (`TitelID`, `TitelSV`, `TitelENG`, `ENGFörlag`, `ENG1upplaga`, `Chrono`) VALUES (58, 'Biggles och flygplansmysteriet', 'Biggles and the plane that disappeared', 8, '1963', 80);
INSERT INTO `Titlar` (`TitelID`, `TitelSV`, `TitelENG`, `ENGFörlag`, `ENG1upplaga`, `Chrono`) VALUES (59, 'Biggles och helikopterkuppen', 'Biggles and the noble lord', 1, '1969', 97);
INSERT INTO `Titlar` (`TitelID`, `TitelSV`, `TitelENG`, `ENGFörlag`, `ENG1upplaga`, `Chrono`) VALUES (60, 'Biggles och indianguden', 'Biggles and the Little Green God', 1, '1969', 96);
INSERT INTO `Titlar` (`TitelID`, `TitelSV`, `TitelENG`, `ENGFörlag`, `ENG1upplaga`, `Chrono`) VALUES (61, 'Biggles och inkaskatten', 'The cruise of the Condor', 3, '1933', 12);
INSERT INTO `Titlar` (`TitelID`, `TitelSV`, `TitelENG`, `ENGFörlag`, `ENG1upplaga`, `Chrono`) VALUES (62, 'Biggles och Interpol', 'Biggles'' combined operation', 8, '1959', 67);
INSERT INTO `Titlar` (`TitelID`, `TitelSV`, `TitelENG`, `ENGFörlag`, `ENG1upplaga`, `Chrono`) VALUES (63, 'Biggles och luftpiraterna', 'Biggles works it out', 8, '1951', 45);
INSERT INTO `Titlar` (`TitelID`, `TitelSV`, `TitelENG`, `ENGFörlag`, `ENG1upplaga`, `Chrono`) VALUES (64, 'Biggles och människosmugglarna', 'Biggles sees to much', 1, '1970', 98);
INSERT INTO `Titlar` (`TitelID`, `TitelSV`, `TitelENG`, `ENGFörlag`, `ENG1upplaga`, `Chrono`) VALUES (65, 'Biggles och narkotika-ligan', 'Biggles flies to work & Biggles of 266', 2, '1963', NULL);
INSERT INTO `Titlar` (`TitelID`, `TitelSV`, `TitelENG`, `ENGFörlag`, `ENG1upplaga`, `Chrono`) VALUES (66, 'Biggles och pärlmysteriet', 'Biggles presses on & Biggles of the Interpol', 1, '1957/1958', NULL);
INSERT INTO `Titlar` (`TitelID`, `TitelSV`, `TitelENG`, `ENGFörlag`, `ENG1upplaga`, `Chrono`) VALUES (67, 'Biggles och smugglarna', 'Biggles makes end meet', 8, '1957', 60);
INSERT INTO `Titlar` (`TitelID`, `TitelSV`, `TitelENG`, `ENGFörlag`, `ENG1upplaga`, `Chrono`) VALUES (68, 'Biggles och spökflygaren', 'Biggles and the dark intruder', 1, '1967', 92);
INSERT INTO `Titlar` (`TitelID`, `TitelSV`, `TitelENG`, `ENGFörlag`, `ENG1upplaga`, `Chrono`) VALUES (69, 'Biggles ordnar saken', 'Biggles takes the case', 8, '1952', 46);
INSERT INTO `Titlar` (`TitelID`, `TitelSV`, `TitelENG`, `ENGFörlag`, `ENG1upplaga`, `Chrono`) VALUES (70, 'Biggles på atomjakt', 'Biggles in Australia', 8, '1955', 56);
INSERT INTO `Titlar` (`TitelID`, `TitelSV`, `TitelENG`, `ENGFörlag`, `ENG1upplaga`, `Chrono`) VALUES (71, 'Biggles på Borneo', 'Biggles in Borneo', 5, '1943', 33);
INSERT INTO `Titlar` (`TitelID`, `TitelSV`, `TitelENG`, `ENGFörlag`, `ENG1upplaga`, `Chrono`) VALUES (72, 'Biggles på farlig mark', 'Biggles follows on', 8, '1952', 47);
INSERT INTO `Titlar` (`TitelID`, `TitelSV`, `TitelENG`, `ENGFörlag`, `ENG1upplaga`, `Chrono`) VALUES (73, 'Biggles på guldjakt', 'Biggles at World''s End', 1, '1959', 68);
INSERT INTO `Titlar` (`TitelID`, `TitelSV`, `TitelENG`, `ENGFörlag`, `ENG1upplaga`, `Chrono`) VALUES (74, 'Biggles på hemligt uppdrag', 'Biggles flies to work', 2, '1963', 81);
INSERT INTO `Titlar` (`TitelID`, `TitelSV`, `TitelENG`, `ENGFörlag`, `ENG1upplaga`, `Chrono`) VALUES (75, 'Biggles på hett spår', 'Biggles and the plot that failed', 1, '1965', 85);
INSERT INTO `Titlar` (`TitelID`, `TitelSV`, `TitelENG`, `ENGFörlag`, `ENG1upplaga`, `Chrono`) VALUES (76, 'Biggles på nattjakt', 'Comrades in arms & Biggles''s Chinese puzzle', 8, '1947', NULL);
INSERT INTO `Titlar` (`TitelID`, `TitelSV`, `TitelENG`, `ENGFörlag`, `ENG1upplaga`, `Chrono`) VALUES (77, 'Biggles på smugglarjakt', 'Biggles of the Interpol', 1, '1957', 61);
INSERT INTO `Titlar` (`TitelID`, `TitelSV`, `TitelENG`, `ENGFörlag`, `ENG1upplaga`, `Chrono`) VALUES (78, 'Biggles på U-båtsjakt', 'Biggles'' second case', 8, '1948', 39);
INSERT INTO `Titlar` (`TitelID`, `TitelSV`, `TitelENG`, `ENGFörlag`, `ENG1upplaga`, `Chrono`) VALUES (79, 'Biggles på västfronten', 'The rescue flight', 5, '1939', 8);
INSERT INTO `Titlar` (`TitelID`, `TitelSV`, `TitelENG`, `ENGFörlag`, `ENG1upplaga`, `Chrono`) VALUES (80, 'Biggles rensar luften', 'Sergeant Bigglesworth C.I.D', 8, '1946', 38);
INSERT INTO `Titlar` (`TitelID`, `TitelSV`, `TitelENG`, `ENGFörlag`, `ENG1upplaga`, `Chrono`) VALUES (81, 'Biggles som flygdetektiv', 'Biggles - air detective', 4, '1952', 48);
INSERT INTO `Titlar` (`TitelID`, `TitelSV`, `TitelENG`, `ENGFörlag`, `ENG1upplaga`, `Chrono`) VALUES (82, 'Biggles spelar högt', 'Biggles takes charge', 1, '1956', 59);
INSERT INTO `Titlar` (`TitelID`, `TitelSV`, `TitelENG`, `ENGFörlag`, `ENG1upplaga`, `Chrono`) VALUES (83, 'Biggles söker en skatt', 'Biggles and the pirate treasure', 1, '1954', 54);
INSERT INTO `Titlar` (`TitelID`, `TitelSV`, `TitelENG`, `ENGFörlag`, `ENG1upplaga`, `Chrono`) VALUES (84, 'Biggles tar chansen', 'The Camels are coming', 3, '1932', 9);
INSERT INTO `Titlar` (`TitelID`, `TitelSV`, `TitelENG`, `ENGFörlag`, `ENG1upplaga`, `Chrono`) VALUES (85, 'Biggles åter i elden', 'The Camels are coming', 3, '1932', NULL);
INSERT INTO `Titlar` (`TitelID`, `TitelSV`, `TitelENG`, `ENGFörlag`, `ENG1upplaga`, `Chrono`) VALUES (86, 'Biggles, stridsflygaren', 'Biggles of the Camel Squadron', 3, '1934', 6);
INSERT INTO `Titlar` (`TitelID`, `TitelSV`, `TitelENG`, `ENGFörlag`, `ENG1upplaga`, `Chrono`) VALUES (87, 'Den hemliga eskadern', 'Biggles and the secret squadron', 9, '?', NULL);
INSERT INTO `Titlar` (`TitelID`, `TitelSV`, `TitelENG`, `ENGFörlag`, `ENG1upplaga`, `Chrono`) VALUES (88, 'Drama i Gibraltar', 'Biggles and the Gibraltar bomb', 9, '?', NULL);
INSERT INTO `Titlar` (`TitelID`, `TitelSV`, `TitelENG`, `ENGFörlag`, `ENG1upplaga`, `Chrono`) VALUES (89, 'Hotet från rymden', 'Biggles and the manace from space', 9, '?', NULL);
INSERT INTO `Titlar` (`TitelID`, `TitelSV`, `TitelENG`, `ENGFörlag`, `ENG1upplaga`, `Chrono`) VALUES (99, 'Med Biggles över kanalen', 'Spitfire Parade', 5, '1941', NULL);
INSERT INTO `Titlar` (`TitelID`, `TitelSV`, `TitelENG`, `ENGFörlag`, `ENG1upplaga`, `Chrono`) VALUES (100, 'Möte med Tigern', 'Biggles and the Tiger', 9, '?', NULL);
INSERT INTO `Titlar` (`TitelID`, `TitelSV`, `TitelENG`, `ENGFörlag`, `ENG1upplaga`, `Chrono`) VALUES (101, 'Nära ögat för Biggles', 'Biggles cuts it fine', 8, '1954', 53);
INSERT INTO `Titlar` (`TitelID`, `TitelSV`, `TitelENG`, `ENGFörlag`, `ENG1upplaga`, `Chrono`) VALUES (102, 'Operation guldfisken', 'Biggles and the golden bird', 9, '?', NULL);
INSERT INTO `Titlar` (`TitelID`, `TitelSV`, `TitelENG`, `ENGFörlag`, `ENG1upplaga`, `Chrono`) VALUES (103, 'Rex i världsrymden', 'Kings of Space', 10, '?', NULL);
INSERT INTO `Titlar` (`TitelID`, `TitelSV`, `TitelENG`, `ENGFörlag`, `ENG1upplaga`, `Chrono`) VALUES (104, 'Rex på kometjakt', 'Now to the stars', 10, '?', NULL);
INSERT INTO `Titlar` (`TitelID`, `TitelSV`, `TitelENG`, `ENGFörlag`, `ENG1upplaga`, `Chrono`) VALUES (105, 'Rex åter till Mars', 'Return to Mars', 10, '?', NULL);
INSERT INTO `Titlar` (`TitelID`, `TitelSV`, `TitelENG`, `ENGFörlag`, `ENG1upplaga`, `Chrono`) VALUES (106, 'Sargassomysteriet', 'Biggles and the Sargasso triangle', 9, '?', NULL);
INSERT INTO `Titlar` (`TitelID`, `TitelSV`, `TitelENG`, `ENGFörlag`, `ENG1upplaga`, `Chrono`) VALUES (107, 'Spionflygarna', 'The spy flyers', 10, '?', NULL);
INSERT INTO `Titlar` (`TitelID`, `TitelSV`, `TitelENG`, `ENGFörlag`, `ENG1upplaga`, `Chrono`) VALUES (108, 'Tony i vilda västern', 'The Rustlers of Rattlesnake Valley', 10, '?', NULL);
INSERT INTO `Titlar` (`TitelID`, `TitelSV`, `TitelENG`, `ENGFörlag`, `ENG1upplaga`, `Chrono`) VALUES (109, 'Worrals flyger österut', 'Worrals goes East', 10, '?', NULL);
INSERT INTO `Titlar` (`TitelID`, `TitelSV`, `TitelENG`, `ENGFörlag`, `ENG1upplaga`, `Chrono`) VALUES (110, 'Worrals i Australien', 'Worrals down under', 10, '?', NULL);
INSERT INTO `Titlar` (`TitelID`, `TitelSV`, `TitelENG`, `ENGFörlag`, `ENG1upplaga`, `Chrono`) VALUES (111, 'Worrals i Frankrike', 'Worrals carries on', 10, '?', NULL);
INSERT INTO `Titlar` (`TitelID`, `TitelSV`, `TitelENG`, `ENGFörlag`, `ENG1upplaga`, `Chrono`) VALUES (112, 'Worrals i Söderhavet', 'Worrals of the islands', 10, '?', NULL);
INSERT INTO `Titlar` (`TitelID`, `TitelSV`, `TitelENG`, `ENGFörlag`, `ENG1upplaga`, `Chrono`) VALUES (113, 'Worrals i urskogen', 'Worrals in the wilds', 10, '?', NULL);
INSERT INTO `Titlar` (`TitelID`, `TitelSV`, `TitelENG`, `ENGFörlag`, `ENG1upplaga`, `Chrono`) VALUES (114, 'Worrals jagar kontraband', 'Worrals goes afoot', 10, '?', NULL);
INSERT INTO `Titlar` (`TitelID`, `TitelSV`, `TitelENG`, `ENGFörlag`, `ENG1upplaga`, `Chrono`) VALUES (115, 'Worrals vid flyget', 'Worrals of the W.A.A.F', 10, '?', NULL);
INSERT INTO `Titlar` (`TitelID`, `TitelSV`, `TitelENG`, `ENGFörlag`, `ENG1upplaga`, `Chrono`) VALUES (116, 'Worrals'' stora kupp', 'Worrals on the war path', 10, '?', NULL);
INSERT INTO `Titlar` (`TitelID`, `TitelSV`, `TitelENG`, `ENGFörlag`, `ENG1upplaga`, `Chrono`) VALUES (117, 'Biggles farligaste fiende', 'Biggles in the blue', 1, '1953', 50);
INSERT INTO `Titlar` (`TitelID`, `TitelSV`, `TitelENG`, `ENGFörlag`, `ENG1upplaga`, `Chrono`) VALUES (119, 'Biggles flies North', 'Biggles flies North', 5, '1939', NULL);
INSERT INTO `Titlar` (`TitelID`, `TitelSV`, `TitelENG`, `ENGFörlag`, `ENG1upplaga`, `Chrono`) VALUES (120, 'Biggles gillrar en fälla', 'Biggles sets a trap', 8, '1962', 76);
INSERT INTO `Titlar` (`TitelID`, `TitelSV`, `TitelENG`, `ENGFörlag`, `ENG1upplaga`, `Chrono`) VALUES (121, 'Biggles går till anfall', 'Biggles of 266', 7, '1956', NULL);
INSERT INTO `Titlar` (`TitelID`, `TitelSV`, `TitelENG`, `ENGFörlag`, `ENG1upplaga`, `Chrono`) VALUES (122, 'Biggles i Stilla Havet', 'Biggles of the Interpol & Biggles presses on', 1, '1957/1958', NULL);
INSERT INTO `Titlar` (`TitelID`, `TitelSV`, `TitelENG`, `ENGFörlag`, `ENG1upplaga`, `Chrono`) VALUES (123, 'Biggles möter leopardmännen', 'Biggles and the leopards of Zinn', 1, '1960', 69);
INSERT INTO `Titlar` (`TitelID`, `TitelSV`, `TitelENG`, `ENGFörlag`, `ENG1upplaga`, `Chrono`) VALUES (124, 'Biggles och Blå månen', 'Biggles and the Blue moon', 1, '1965', 87);
INSERT INTO `Titlar` (`TitelID`, `TitelSV`, `TitelENG`, `ENGFörlag`, `ENG1upplaga`, `Chrono`) VALUES (125, 'Biggles slår till', 'Biggles delivers the goods', 8, '1946', 35);
INSERT INTO `Titlar` (`TitelID`, `TitelSV`, `TitelENG`, `ENGFörlag`, `ENG1upplaga`, `Chrono`) VALUES (126, 'Biggles på spökjakt', 'Biggles presses on', 1, '1958', 63);
INSERT INTO `Titlar` (`TitelID`, `TitelSV`, `TitelENG`, `ENGFörlag`, `ENG1upplaga`, `Chrono`) VALUES (128, 'Biggles och den försvunna staden', 'Biggles forms a Syndicate', 8, '1961', 72);
INSERT INTO `Titlar` (`TitelID`, `TitelSV`, `TitelENG`, `ENGFörlag`, `ENG1upplaga`, `Chrono`) VALUES (129, 'Biggles special', 'Biggles flies again', 8, '?', NULL);
INSERT INTO `Titlar` (`TitelID`, `TitelSV`, `TitelENG`, `ENGFörlag`, `ENG1upplaga`, `Chrono`) VALUES (130, 'Slutspel i Kalahari', 'Biggles in the Kalahari', 9, '?', NULL);
INSERT INTO `Titlar` (`TitelID`, `TitelSV`, `TitelENG`, `ENGFörlag`, `ENG1upplaga`, `Chrono`) VALUES (131, 'Biggles och Mr X', 'Biggles and the black mask', 8, '1964', 83);
INSERT INTO `Titlar` (`TitelID`, `TitelSV`, `TitelENG`, `ENGFörlag`, `ENG1upplaga`, `Chrono`) VALUES (132, 'King i orienten', 'Gimlet''s oriental quest', 10, '?', NULL);
INSERT INTO `Titlar` (`TitelID`, `TitelSV`, `TitelENG`, `ENGFörlag`, `ENG1upplaga`, `Chrono`) VALUES (133, 'King i okänt land', '?', 10, '?', NULL);
INSERT INTO `Titlar` (`TitelID`, `TitelSV`, `TitelENG`, `ENGFörlag`, `ENG1upplaga`, `Chrono`) VALUES (134, 'King åter i farten', 'Gimlet goes again', 10, '?', NULL);
INSERT INTO `Titlar` (`TitelID`, `TitelSV`, `TitelENG`, `ENGFörlag`, `ENG1upplaga`, `Chrono`) VALUES (135, 'King & Co', 'Gimlet comes home', 10, '?', NULL);
INSERT INTO `Titlar` (`TitelID`, `TitelSV`, `TitelENG`, `ENGFörlag`, `ENG1upplaga`, `Chrono`) VALUES (136, 'King gör rent hus', 'Gimlet mops up', 10, '?', NULL);
INSERT INTO `Titlar` (`TitelID`, `TitelSV`, `TitelENG`, `ENGFörlag`, `ENG1upplaga`, `Chrono`) VALUES (137, 'King griper in', 'Gimlet lends a hand', 10, '?', NULL);
INSERT INTO `Titlar` (`TitelID`, `TitelSV`, `TitelENG`, `ENGFörlag`, `ENG1upplaga`, `Chrono`) VALUES (138, 'King vid commandotrupperna', 'King of the Commandos', 10, '?', NULL);
INSERT INTO `Titlar` (`TitelID`, `TitelSV`, `TitelENG`, `ENGFörlag`, `ENG1upplaga`, `Chrono`) VALUES (139, 'King möter svart magi', 'Gimlet takes a job', 10, '?', NULL);
INSERT INTO `Titlar` (`TitelID`, `TitelSV`, `TitelENG`, `ENGFörlag`, `ENG1upplaga`, `Chrono`) VALUES (140, 'King tar hem spelet', 'Gimlet bores in', 10, '?', NULL);
INSERT INTO `Titlar` (`TitelID`, `TitelSV`, `TitelENG`, `ENGFörlag`, `ENG1upplaga`, `Chrono`) VALUES (141, 'King och tempelskatten', 'Gimlet gets the answer', 10, '?', NULL);
INSERT INTO `Titlar` (`TitelID`, `TitelSV`, `TitelENG`, `ENGFörlag`, `ENG1upplaga`, `Chrono`) VALUES (142, 'Biggles i Sverige', 'Ej utgiven', 9, '?', NULL);
INSERT INTO `Titlar` (`TitelID`, `TitelSV`, `TitelENG`, `ENGFörlag`, `ENG1upplaga`, `Chrono`) VALUES (143, 'Worrals på hemligt uppdrag', '?', 10, '?', NULL);
INSERT INTO `Titlar` (`TitelID`, `TitelSV`, `TitelENG`, `ENGFörlag`, `ENG1upplaga`, `Chrono`) VALUES (144, 'Biggles bakom järnridån', 'Biggles looks back', 10, '1965', 86);
INSERT INTO `Titlar` (`TitelID`, `TitelSV`, `TitelENG`, `ENGFörlag`, `ENG1upplaga`, `Chrono`) VALUES (145, 'The Boy Biggles', 'The Boy Biggles', 0, NULL, 1);
INSERT INTO `Titlar` (`TitelID`, `TitelSV`, `TitelENG`, `ENGFörlag`, `ENG1upplaga`, `Chrono`) VALUES (146, 'Biggles in France', 'Biggles in France', 0, NULL, 4);
INSERT INTO `Titlar` (`TitelID`, `TitelSV`, `TitelENG`, `ENGFörlag`, `ENG1upplaga`, `Chrono`) VALUES (147, 'Biggles'' Air Ace', 'Biggles'' Air Ace', 0, NULL, 10);
INSERT INTO `Titlar` (`TitelID`, `TitelSV`, `TitelENG`, `ENGFörlag`, `ENG1upplaga`, `Chrono`) VALUES (148, 'Biggles Pioneer Air Fighter', 'Biggles Pioneer Air Fighter', 0, NULL, 11);
INSERT INTO `Titlar` (`TitelID`, `TitelSV`, `TitelENG`, `ENGFörlag`, `ENG1upplaga`, `Chrono`) VALUES (149, 'Biggles of the Special Air Police', 'Biggles of the Special Air Police', 0, NULL, 52);
INSERT INTO `Titlar` (`TitelID`, `TitelSV`, `TitelENG`, `ENGFörlag`, `ENG1upplaga`, `Chrono`) VALUES (150, 'Biggles in Mexico', 'Biggles in Mexico', 0, NULL, 66);
INSERT INTO `Titlar` (`TitelID`, `TitelSV`, `TitelENG`, `ENGFörlag`, `ENG1upplaga`, `Chrono`) VALUES (151, 'Biggles goes alone', 'Biggles goes alone', 0, NULL, 74);
INSERT INTO `Titlar` (`TitelID`, `TitelSV`, `TitelENG`, `ENGFörlag`, `ENG1upplaga`, `Chrono`) VALUES (152, 'Biggles and the Lost Sovereigns', 'Biggles and the Lost Sovereigns', 0, NULL, 82);
INSERT INTO `Titlar` (`TitelID`, `TitelSV`, `TitelENG`, `ENGFörlag`, `ENG1upplaga`, `Chrono`) VALUES (153, 'Biggles Investigates', 'Biggles Investigates', 0, NULL, 84);
INSERT INTO `Titlar` (`TitelID`, `TitelSV`, `TitelENG`, `ENGFörlag`, `ENG1upplaga`, `Chrono`) VALUES (154, 'Biggles Scores a Bull', 'Biggles Scores a Bull', 0, NULL, 88);
INSERT INTO `Titlar` (`TitelID`, `TitelSV`, `TitelENG`, `ENGFörlag`, `ENG1upplaga`, `Chrono`) VALUES (155, 'Biggles and the Gun Runners', 'Biggles and the Gun Runners', 0, NULL, 90);
INSERT INTO `Titlar` (`TitelID`, `TitelSV`, `TitelENG`, `ENGFörlag`, `ENG1upplaga`, `Chrono`) VALUES (156, 'Biggles and the Deep Blue Sea', 'Biggles and the Deep Blue Sea', 0, NULL, 94);
INSERT INTO `Titlar` (`TitelID`, `TitelSV`, `TitelENG`, `ENGFörlag`, `ENG1upplaga`, `Chrono`) VALUES (157, 'Biggles in the Underworld', 'Biggles in the Underworld', 0, NULL, 95);
INSERT INTO `Titlar` (`TitelID`, `TitelSV`, `TitelENG`, `ENGFörlag`, `ENG1upplaga`, `Chrono`) VALUES (158, 'Biggles Does some Homework', 'Biggles Does some Homework', 0, NULL, 99);
